manufacturer_code,aircraft_icao,model_no,model,country
BOEING,B78X,787-10 Dreamliner,Boeing Phantom Eye,ÉTATS-UNIS
BOEING,ST75,75,Boeing Phantom Eye,ÉTATS-UNIS
BOEING,B701,707-100,Boeing Phantom Eye,ÉTATS-UNIS
BOEING,B703,707-300,Boeing Phantom Eye,ÉTATS-UNIS
BOEING,B712,717-200,Boeing Phantom Eye,ÉTATS-UNIS
BOEING,B712,717-200,Boeing Phantom Eye,ÉTATS-UNIS
BOEING,B720,720,Boeing Phantom Eye,ÉTATS-UNIS
BOEING,B721,727-100,Boeing Phantom Eye,ÉTATS-UNIS
BOEING,R721,727-100RE,Boeing Phantom Eye,ÉTATS-UNIS
BOEING,B722,727-200,Boeing Phantom Eye,ÉTATS-UNIS
BOEING,R722,727-200RE,Boeing Phantom Eye,ÉTATS-UNIS
BOEING,B732,737-200,Boeing Phantom Eye,ÉTATS-UNIS
BOEING,B732,737-200,Boeing Phantom Eye,ÉTATS-UNIS
BOEING,B733,737-300,Boeing Phantom Eye,ÉTATS-UNIS
BOEING,B734,737-400,Boeing Phantom Eye,ÉTATS-UNIS
BOEING,B735,737-500,Boeing Phantom Eye,ÉTATS-UNIS
BOEING,B736,737-600,Boeing Phantom Eye,ÉTATS-UNIS
BOEING,B737,737-700,Boeing Phantom Eye,ÉTATS-UNIS
BOEING,B737,737-700,Boeing Phantom Eye,ÉTATS-UNIS
BOEING,E737,737-700,Boeing Phantom Eye,ÉTATS-UNIS
BOEING,B738,737-800,Boeing Phantom Eye,ÉTATS-UNIS
BOEING,B738,737-800,Boeing Phantom Eye,ÉTATS-UNIS
BOEING,B739,737-900,Boeing Phantom Eye,ÉTATS-UNIS
BOEING,B739,737-900 BBJ3,Boeing Phantom Eye,ÉTATS-UNIS
BOEING,B741,747-100,Boeing Phantom Eye,ÉTATS-UNIS
BOEING,B742,747-200,Boeing Phantom Eye,ÉTATS-UNIS
BOEING,B743,747-300,Boeing Phantom Eye,ÉTATS-UNIS
BOEING,BLCF,747-400LCF,Boeing Phantom Eye,ÉTATS-UNIS
BOEING,B74S,747SP,Boeing Phantom Eye,ÉTATS-UNIS
BOEING,B74R,747SR,Boeing Phantom Eye,ÉTATS-UNIS
BOEING,B752,757-200,Boeing Phantom Eye,ÉTATS-UNIS
BOEING,B753,757-300,Boeing Phantom Eye,ÉTATS-UNIS
BOEING,B762,767-200,Boeing Phantom Eye,ÉTATS-UNIS
BOEING,B763,767-300,Boeing Phantom Eye,ÉTATS-UNIS
BOEING,B764,767-400,Boeing Phantom Eye,ÉTATS-UNIS
BOEING,B772,777-200,Boeing Phantom Eye,ÉTATS-UNIS
BOEING,B772,777-200ER,Boeing Phantom Eye,ÉTATS-UNIS
BOEING,B77L,777-200LR,Boeing Phantom Eye,ÉTATS-UNIS
BOEING,B773,777-300,Boeing Phantom Eye,ÉTATS-UNIS
BOEING,B77W,777-300ER,Boeing Phantom Eye,ÉTATS-UNIS
BOEING,B788,787-8 Dreamliner,Boeing Phantom Eye,ÉTATS-UNIS
BOEING,B789,787-9 Dreamliner,Boeing Phantom Eye,ÉTATS-UNIS
BOEING,H64,AH-64,Boeing Phantom Eye,ÉTATS-UNIS
BOEING,HAR,AV-8,Boeing Phantom Eye,ÉTATS-UNIS
BOEING,B17,B-17,Boeing Phantom Eye,ÉTATS-UNIS
BOEING,B29,B-29,Boeing Phantom Eye,ÉTATS-UNIS
BOEING,B77L,777-F,Boeing Phantom Eye,ÉTATS-UNIS
BOEING,B52,B-52,Boeing Phantom Eye,ÉTATS-UNIS
BOEING,B738,,Boeing Phantom Eye,ÉTATS-UNIS
BOEING,B739,BBJ3,Boeing Phantom Eye,ÉTATS-UNIS
BOEING,B712,,Boeing Phantom Eye,ÉTATS-UNIS
BOEING,C17,C-17,Boeing Phantom Eye,ÉTATS-UNIS
BOEING,B703,C-18,Boeing Phantom Eye,ÉTATS-UNIS
BOEING,B721,C-22,Boeing Phantom Eye,ÉTATS-UNIS
BOEING,B752,C-32,Boeing Phantom Eye,ÉTATS-UNIS
BOEING,B737,C-40,Boeing Phantom Eye,ÉTATS-UNIS
BOEING,B737,C-40,Boeing Phantom Eye,ÉTATS-UNIS
BOEING,C97,C-97,Boeing Phantom Eye,ÉTATS-UNIS
BOEING,K35R,C-135FR,Boeing Phantom Eye,ÉTATS-UNIS
BOEING,B703,C-137,Boeing Phantom Eye,ÉTATS-UNIS
BOEING,H47,CH-47,Boeing Phantom Eye,ÉTATS-UNIS
BOEING,H47,,Boeing Phantom Eye,ÉTATS-UNIS
BOEING,B737,,Boeing Phantom Eye,ÉTATS-UNIS
BOEING,B732,CT-43,Boeing Phantom Eye,ÉTATS-UNIS
BOEING,H500,,Boeing Phantom Eye,ÉTATS-UNIS
BOEING,C135,NC-135,Boeing Phantom Eye,ÉTATS-UNIS
BOEING,R135,TC-135,Boeing Phantom Eye,ÉTATS-UNIS
BOEING,BLCF,Dreamlifter,Boeing Phantom Eye,ÉTATS-UNIS
BOEING,B788,Dreamliner (Srs.8),Boeing Phantom Eye,ÉTATS-UNIS
BOEING,B789,Dreamliner (Srs.9),Boeing Phantom Eye,ÉTATS-UNIS
BOEING,E3CF,E-3A (CFM56),Boeing Phantom Eye,ÉTATS-UNIS
BOEING,E3TF,E-3A (TF33),Boeing Phantom Eye,ÉTATS-UNIS
BOEING,E3TF,E-3B,Boeing Phantom Eye,ÉTATS-UNIS
BOEING,E3TF,E-3C,Boeing Phantom Eye,ÉTATS-UNIS
BOEING,E3CF,E-3D,Boeing Phantom Eye,ÉTATS-UNIS
BOEING,E3CF,E-3F,Boeing Phantom Eye,ÉTATS-UNIS
BOEING,B742,E-4,Boeing Phantom Eye,ÉTATS-UNIS
BOEING,E6,E-6,Boeing Phantom Eye,ÉTATS-UNIS
BOEING,E767,E-767,Boeing Phantom Eye,ÉTATS-UNIS
BOEING,F15,,Boeing Phantom Eye,ÉTATS-UNIS
BOEING,B703,EC-18,Boeing Phantom Eye,ÉTATS-UNIS
BOEING,B703,EC-137,Boeing Phantom Eye,ÉTATS-UNIS
BOEING,EXPL,,Boeing Phantom Eye,ÉTATS-UNIS
BOEING,F15,F-15,Boeing Phantom Eye,ÉTATS-UNIS
BOEING,F15,F-15,Boeing Phantom Eye,ÉTATS-UNIS
BOEING,B17,,Boeing Phantom Eye,ÉTATS-UNIS
BOEING,C17,,Boeing Phantom Eye,ÉTATS-UNIS
BOEING,F18H,Hornet,Boeing Phantom Eye,ÉTATS-UNIS
BOEING,F18H,FA-18C Hornet,Boeing Phantom Eye,ÉTATS-UNIS
BOEING,HAWK,,Boeing Phantom Eye,ÉTATS-UNIS
BOEING,HAR,,Boeing Phantom Eye,ÉTATS-UNIS
BOEING,H47,HH-47,Boeing Phantom Eye,ÉTATS-UNIS
BOEING,E3TF,JE-3,Boeing Phantom Eye,ÉTATS-UNIS
BOEING,ST75,,Boeing Phantom Eye,ÉTATS-UNIS
BOEING,K35E,KC-135E,Boeing Phantom Eye,ÉTATS-UNIS
BOEING,K35R,KC-135R,Boeing Phantom Eye,ÉTATS-UNIS
BOEING,K35R,KC-135T,Boeing Phantom Eye,ÉTATS-UNIS
BOEING,B703,KC-137,Boeing Phantom Eye,ÉTATS-UNIS
BOEING,B762,KC-767,Boeing Phantom Eye,ÉTATS-UNIS
BOEING,KE3,KE-3,Boeing Phantom Eye,ÉTATS-UNIS
BOEING,H500,,Boeing Phantom Eye,ÉTATS-UNIS
BOEING,H64,,Boeing Phantom Eye,ÉTATS-UNIS
BOEING,DC10,MD-10,Boeing Phantom Eye,ÉTATS-UNIS
BOEING,MD11,MD-11,Boeing Phantom Eye,ÉTATS-UNIS
BOEING,MD81,MD-81,Boeing Phantom Eye,ÉTATS-UNIS
BOEING,MD82,MD-82,Boeing Phantom Eye,ÉTATS-UNIS
BOEING,MD83,MD-83,Boeing Phantom Eye,ÉTATS-UNIS
BOEING,MD87,MD-87,Boeing Phantom Eye,ÉTATS-UNIS
BOEING,MD88,MD-88,Boeing Phantom Eye,ÉTATS-UNIS
BOEING,MD90,MD-90,Boeing Phantom Eye,ÉTATS-UNIS
BOEING,F18H,FA-18D Hornet,Boeing Phantom Eye,ÉTATS-UNIS
BOEING,H500,MD-500,Boeing Phantom Eye,ÉTATS-UNIS
BOEING,H500,MD-500,Boeing Phantom Eye,ÉTATS-UNIS
BOEING,H500,MD-500,Boeing Phantom Eye,ÉTATS-UNIS
BOEING,MD52,MD-520N,Boeing Phantom Eye,ÉTATS-UNIS
BOEING,H500,MD-530F,Boeing Phantom Eye,ÉTATS-UNIS
BOEING,H500,MD-530MG,Boeing Phantom Eye,ÉTATS-UNIS
BOEING,H500,MD-530MG,Boeing Phantom Eye,ÉTATS-UNIS
BOEING,MD60,MD-600N,Boeing Phantom Eye,ÉTATS-UNIS
BOEING,EXPL,MD-902,Boeing Phantom Eye,ÉTATS-UNIS
BOEING,E6,,Boeing Phantom Eye,ÉTATS-UNIS
BOEING,H47,MH-47,Boeing Phantom Eye,ÉTATS-UNIS
BOEING,ST75,N2S,Boeing Phantom Eye,ÉTATS-UNIS
BOEING,H500,,Boeing Phantom Eye,ÉTATS-UNIS
BOEING,ST75,PT-13,Boeing Phantom Eye,ÉTATS-UNIS
BOEING,ST75,PT-17,Boeing Phantom Eye,ÉTATS-UNIS
BOEING,ST75,PT-18,Boeing Phantom Eye,ÉTATS-UNIS
BOEING,ST75,PT-27,Boeing Phantom Eye,ÉTATS-UNIS
BOEING,F15,,Boeing Phantom Eye,ÉTATS-UNIS
BOEING,R135,RC-135,Boeing Phantom Eye,ÉTATS-UNIS
BOEING,E3CF,,Boeing Phantom Eye,ÉTATS-UNIS
BOEING,E3TF,,Boeing Phantom Eye,ÉTATS-UNIS
BOEING,B52,,Boeing Phantom Eye,ÉTATS-UNIS
BOEING,C97,,Boeing Phantom Eye,ÉTATS-UNIS
BOEING,K35R,,Boeing Phantom Eye,ÉTATS-UNIS
BOEING,K35E,,Boeing Phantom Eye,ÉTATS-UNIS
BOEING,R721,Super 27 (100),Boeing Phantom Eye,ÉTATS-UNIS
BOEING,R722,Super 27 (200),Boeing Phantom Eye,ÉTATS-UNIS
BOEING,B29,,Boeing Phantom Eye,ÉTATS-UNIS
BOEING,B732,,Boeing Phantom Eye,ÉTATS-UNIS
BOEING,HAWK,T-45,Boeing Phantom Eye,ÉTATS-UNIS
BOEING,B742,VC-25A,Boeing Phantom Eye,ÉTATS-UNIS
BOEING,B732,VC-96,Boeing Phantom Eye,ÉTATS-UNIS
BOEING,E737,,Boeing Phantom Eye,ÉTATS-UNIS
BOEING,F15,F-15 Slam Eagle,Boeing Phantom Eye,ÉTATS-UNIS
BOEING,F15,Slam Eagle,Boeing Phantom Eye,ÉTATS-UNIS
BOEING,C17,CC-177 Globemaster 3,Boeing Phantom Eye,ÉTATS-UNIS
BOEING,P8,P-8 Poseidon,Boeing Phantom Eye,ÉTATS-UNIS
BOEING,P8,737-800 Poseidon,Boeing Phantom Eye,ÉTATS-UNIS
BOEING,P8,Poseidon,Boeing Phantom Eye,ÉTATS-UNIS
BOEING,E737,737-700 AEWC,Boeing Phantom Eye,ÉTATS-UNIS
BOEING,H64,AH-64 Saraf,Boeing Phantom Eye,ÉTATS-UNIS
BOEING,H64,,Boeing Phantom Eye,ÉTATS-UNIS
BOEING,H47,JCH-47 Chinook,Boeing Phantom Eye,ÉTATS-UNIS
BOEING,B748,747-8,Boeing Phantom Eye,ÉTATS-UNIS
BOEING,F18S,Growler,Boeing Phantom Eye,ÉTATS-UNIS
BOEING,F18S,EA-18 Growler,Boeing Phantom Eye,ÉTATS-UNIS
BOEING,B78X,Dreamliner (Srs.10),Boeing Phantom Eye,ÉTATS-UNIS
BOEING,F18S,Super Hornet,Boeing Phantom Eye,ÉTATS-UNIS
BOEING,F18S,FA-18E Super Hornet,Boeing Phantom Eye,ÉTATS-UNIS
BOEING,F18S,FA-18F Super Hornet,Boeing Phantom Eye,ÉTATS-UNIS
BOEING,F18S,NEA-18 Growler,Boeing Phantom Eye,ÉTATS-UNIS
BOEING,B778,777-8,Boeing Phantom Eye,ÉTATS-UNIS
BOEING,B779,777-9,Boeing Phantom Eye,ÉTATS-UNIS
BOEING,B748,747-8 BBJ,Boeing Phantom Eye,ÉTATS-UNIS
BOEING,B748,BBJ (747-8),Boeing Phantom Eye,ÉTATS-UNIS
BOEING,B77L,777-200LR BBJ,Boeing Phantom Eye,ÉTATS-UNIS
BOEING,B77L,BBJ (777-200LR),Boeing Phantom Eye,ÉTATS-UNIS
BOEING,B77W,777-300ER BBJ,Boeing Phantom Eye,ÉTATS-UNIS
BOEING,B77W,BBJ (777-300ER),Boeing Phantom Eye,ÉTATS-UNIS
BOEING,B788,787-8 BBJ,Boeing Phantom Eye,ÉTATS-UNIS
BOEING,B788,BBJ (787-8),Boeing Phantom Eye,ÉTATS-UNIS
BOEING,B789,787-9 BBJ,Boeing Phantom Eye,ÉTATS-UNIS
BOEING,B789,BBJ (787-9),Boeing Phantom Eye,ÉTATS-UNIS
BOEING,B37M,737,Boeing Phantom Eye,ÉTATS-UNIS
BOEING,B37M,737,Boeing Phantom Eye,ÉTATS-UNIS
BOEING,B38M,737,Boeing Phantom Eye,ÉTATS-UNIS
BOEING,B38M,737,Boeing Phantom Eye,ÉTATS-UNIS
BOEING,B39M,737,Boeing Phantom Eye,ÉTATS-UNIS
BOEING,B39M,737,Boeing Phantom Eye,ÉTATS-UNIS
BOEING,B737,BBJ (737-700),Boeing Phantom Eye,ÉTATS-UNIS
BOEING,B37M,BBJ (737 MAX 7),Boeing Phantom Eye,ÉTATS-UNIS
BOEING,B38M,BBJ (737 MAX 8),Boeing Phantom Eye,ÉTATS-UNIS
BOEING,B39M,BBJ (737 MAX 9),Boeing Phantom Eye,ÉTATS-UNIS
BOEING,YL15,451,Boeing Phantom Eye,ÉTATS-UNIS
BOEING,YL15,YL-15,Boeing Phantom Eye,ÉTATS-UNIS
BOEING,YL15,,Boeing Phantom Eye,ÉTATS-UNIS
BOEING,B744,747-400,Boeing Phantom Eye,ÉTATS-UNIS
BOEING,BO40,40,Boeing Phantom Eye,ÉTATS-UNIS
BOEING,Q25,MQ-25 Stingray,Boeing Phantom Eye,ÉTATS-UNIS
BOEING,Q25,,Boeing Phantom Eye,ÉTATS-UNIS
BOEING,BT7,T-7,Boeing Phantom Eye,ÉTATS-UNIS
BOEING,BT7,,Boeing Phantom Eye,ÉTATS-UNIS
BOEING,BT7,BTX-1,Boeing Phantom Eye,ÉTATS-UNIS
BOEING,B37M,737-7,Boeing Phantom Eye,ÉTATS-UNIS
BOEING,B38M,737-8,Boeing Phantom Eye,ÉTATS-UNIS
BOEING,B39M,737-9,Boeing Phantom Eye,ÉTATS-UNIS
BOEING,B3XM,737-10,Boeing Phantom Eye,ÉTATS-UNIS
BOEING,B3XM,737 MAX 10,Boeing Phantom Eye,ÉTATS-UNIS
BOEING,B38M,737 MAX 8200,Boeing Phantom Eye,ÉTATS-UNIS
BOEING,B38M,737-8200,Boeing Phantom Eye,ÉTATS-UNIS
BOEING,E737,,Boeing Phantom Eye,ÉTATS-UNIS
BOEING,R135,RC-135 Airseeker,Boeing Phantom Eye,ÉTATS-UNIS
BOEING,C135,WC-135W,Boeing Phantom Eye,ÉTATS-UNIS
BOEING,R135,,Boeing Phantom Eye,ÉTATS-UNIS
BOEING,W135,WC-135R,Boeing Phantom Eye,ÉTATS-UNIS
BOEING,B762,KC-46 Pegasus,Boeing Phantom Eye,ÉTATS-UNIS
BOEING,B762,,Boeing Phantom Eye,ÉTATS-UNIS
BOEING,B778,777-8F,Boeing Phantom Eye,ÉTATS-UNIS
BOEING,B748,VC-25B,Boeing Phantom Eye,ÉTATS-UNIS
AIRBUS,A359,A-350-900 XWB,,FRANCE
AIRBUS,A359,A-350-900 XWB Prestige,,FRANCE
AIRBUS,A359,Prestige (A-350-900),,FRANCE
AIRBUS,C212,C-212,,FRANCE
AIRBUS,A30B,A-300B2-200,,FRANCE
AIRBUS,A30B,A-300B2K-3,,FRANCE
AIRBUS,A30B,A-300B4-2,,FRANCE
AIRBUS,A30B,A-300B4-100,,FRANCE
AIRBUS,A30B,A-300B4-200,,FRANCE
AIRBUS,A306,A-300B4-600,,FRANCE
AIRBUS,A30B,A-300C4-200,,FRANCE
AIRBUS,A306,A-300C4-600,,FRANCE
AIRBUS,A30B,A-300F4-200,,FRANCE
AIRBUS,A306,A-300F4-600,,FRANCE
AIRBUS,A3ST,A-300ST,,FRANCE
AIRBUS,A3ST,A-300ST,,FRANCE
AIRBUS,A310,A-310,,FRANCE
AIRBUS,A318,A-318,,FRANCE
AIRBUS,A319,A-319,,FRANCE
AIRBUS,A319,A-319,,FRANCE
AIRBUS,A320,A-320,,FRANCE
AIRBUS,A321,A-321,,FRANCE
AIRBUS,A332,A-330-200,,FRANCE
AIRBUS,A333,A-330-300,,FRANCE
AIRBUS,A342,A-340-200,,FRANCE
AIRBUS,A343,A-340-300,,FRANCE
AIRBUS,A345,A-340-500,,FRANCE
AIRBUS,A346,A-340-600,,FRANCE
AIRBUS,A388,A-380-800,,FRANCE
AIRBUS,A3ST,,,FRANCE
AIRBUS,A310,CC-150,,FRANCE
AIRBUS,A310,,,FRANCE
AIRBUS,A3ST,,,FRANCE
AIRBUS,A319,VC-1 ACJ,,FRANCE
AIRBUS,A400,A-400M Grizzly,,FRANCE
AIRBUS,A318,A-318 Elite,,FRANCE
AIRBUS,A320,A-320 Prestige,,FRANCE
AIRBUS,A332,A-330-200 Prestige,,FRANCE
AIRBUS,A342,A-340-200 Prestige,,FRANCE
AIRBUS,A343,A-340-300 Prestige,,FRANCE
AIRBUS,A345,A-340-500 Prestige,,FRANCE
AIRBUS,A346,A-340-600 Prestige,,FRANCE
AIRBUS,A388,A-380-800 Prestige,,FRANCE
AIRBUS,A320,Prestige (A-320),,FRANCE
AIRBUS,A332,Prestige (A-330-200),,FRANCE
AIRBUS,A342,Prestige (A-340-200),,FRANCE
AIRBUS,A343,Prestige (A-340-300),,FRANCE
AIRBUS,A345,Prestige (A-340-500),,FRANCE
AIRBUS,A346,Prestige (A-340-600),,FRANCE
AIRBUS,A388,Prestige (A-380-800),,FRANCE
AIRBUS,A318,Elite,,FRANCE
AIRBUS,A332,KC-30,,FRANCE
AIRBUS,A35K,A-350-1000 XWB,,FRANCE
AIRBUS,A35K,A-350-1000 XWB Prestige,,FRANCE
AIRBUS,A35K,Prestige (A-350-1000),,FRANCE
AIRBUS,A332,Voyager,,FRANCE
AIRBUS,A400,A-400M Atlas,,FRANCE
AIRBUS,A400,Grizzly,,FRANCE
AIRBUS,A400,Atlas,,FRANCE
AIRBUS,C295,C-295,,FRANCE
AIRBUS,C295,C-295 Persuader,,FRANCE
AIRBUS,C295,Persuader (C-295),,FRANCE
AIRBUS,C295,SC-105 Amazonas,,FRANCE
AIRBUS,C295,Amazonas,,FRANCE
AIRBUS,CN35,CN-235,,FRANCE
AIRBUS,CN35,CN-235 Persuader,,FRANCE
AIRBUS,CN35,Persuader (CN-235),,FRANCE
AIRBUS,CN35,HC-144 Ocean Sentry,,FRANCE
AIRBUS,CN35,Ocean Sentry,,FRANCE
AIRBUS,EFAN,,,FRANCE
AIRBUS,A339,A-330-900,,FRANCE
AIRBUS,A19N,A-319neo,,FRANCE
AIRBUS,A20N,A-320neo,,FRANCE
AIRBUS,A21N,A-321neo,,FRANCE
AIRBUS,A338,A-330-800,,FRANCE
AIRBUS,A337,A-330-700,,FRANCE
AIRBUS,A337,,,FRANCE
AIRBUS,BCS1,A-220-100,,FRANCE
AIRBUS,BCS3,A-220-300,,FRANCE
AIRBUS,BCS1,A-220-100 ACJ TwoTwenty,,FRANCE
AIRBUS,BCS1,,,FRANCE
AIRBUS,A319,ACJ (A-319),,FRANCE
AIRBUS,A19N,ACJ-319neo,,FRANCE
AIRBUS,A20N,ACJ-320neo,,FRANCE
AIRBUS,A338,ACJ-330-800,,FRANCE
AIRBUS,A339,ACJ-330-900,,FRANCE
AIRBUS,A359,ACJ-350-900,,FRANCE
AIRBUS,A35K,ACJ-350-1000,,FRANCE
AIRBUS,A332,A-330-MRTT,,FRANCE
AIRBUS,A332,A-330-MRTT Voyager,,FRANCE
AIRBUS,A332,KC-330 Cygnus,,FRANCE
AIRBUS,A332,A-330-MRTT Phénix,,FRANCE
AIRBUS,A332,,,FRANCE
AIRBUS,A332,,,FRANCE
CESSNA,C25M,525 Citation M2,Temco TT Pinto,ÉTATS-UNIS
CESSNA,C25M,Citation M2,Temco TT Pinto,ÉTATS-UNIS
CESSNA,COL3,350,Temco TT Pinto,ÉTATS-UNIS
CESSNA,COL3,LC-42,Temco TT Pinto,ÉTATS-UNIS
CESSNA,COL3,LC-42 Corvalis,Temco TT Pinto,ÉTATS-UNIS
CESSNA,COL4,400,Temco TT Pinto,ÉTATS-UNIS
CESSNA,COL3,350 Corvalis,Temco TT Pinto,ÉTATS-UNIS
CESSNA,COL4,LC-41,Temco TT Pinto,ÉTATS-UNIS
CESSNA,COL4,LC-41 Corvalis TT,Temco TT Pinto,ÉTATS-UNIS
CESSNA,COL4,400 Corvalis TT,Temco TT Pinto,ÉTATS-UNIS
CESSNA,COL3,Corvalis,Temco TT Pinto,ÉTATS-UNIS
CESSNA,COL4,Corvalis TT,Temco TT Pinto,ÉTATS-UNIS
CESSNA,C120,120,Temco TT Pinto,ÉTATS-UNIS
CESSNA,C140,140,Temco TT Pinto,ÉTATS-UNIS
CESSNA,C150,150,Temco TT Pinto,ÉTATS-UNIS
CESSNA,C150,150,Temco TT Pinto,ÉTATS-UNIS
CESSNA,C152,152,Temco TT Pinto,ÉTATS-UNIS
CESSNA,C170,170,Temco TT Pinto,ÉTATS-UNIS
CESSNA,C172,172,Temco TT Pinto,ÉTATS-UNIS
CESSNA,C172,172,Temco TT Pinto,ÉTATS-UNIS
CESSNA,C172,172,Temco TT Pinto,ÉTATS-UNIS
CESSNA,C72R,172RG,Temco TT Pinto,ÉTATS-UNIS
CESSNA,C175,175,Temco TT Pinto,ÉTATS-UNIS
CESSNA,C175,175,Temco TT Pinto,ÉTATS-UNIS
CESSNA,C177,177,Temco TT Pinto,ÉTATS-UNIS
CESSNA,C177,177,Temco TT Pinto,ÉTATS-UNIS
CESSNA,C77R,177RG,Temco TT Pinto,ÉTATS-UNIS
CESSNA,C180,180,Temco TT Pinto,ÉTATS-UNIS
CESSNA,C162,162 Skycatcher,Temco TT Pinto,ÉTATS-UNIS
CESSNA,C180,180,Temco TT Pinto,ÉTATS-UNIS
CESSNA,C182,182,Temco TT Pinto,ÉTATS-UNIS
CESSNA,C182,182,Temco TT Pinto,ÉTATS-UNIS
CESSNA,C185,185,Temco TT Pinto,ÉTATS-UNIS
CESSNA,C188,188,Temco TT Pinto,ÉTATS-UNIS
CESSNA,C188,188,Temco TT Pinto,ÉTATS-UNIS
CESSNA,C190,190,Temco TT Pinto,ÉTATS-UNIS
CESSNA,C195,195,Temco TT Pinto,ÉTATS-UNIS
CESSNA,C205,205,Temco TT Pinto,ÉTATS-UNIS
CESSNA,C06T,206 (turbine),Temco TT Pinto,ÉTATS-UNIS
CESSNA,C206,206,Temco TT Pinto,ÉTATS-UNIS
CESSNA,C206,206,Temco TT Pinto,ÉTATS-UNIS
CESSNA,C07T,207 (turbine),Temco TT Pinto,ÉTATS-UNIS
CESSNA,C207,207,Temco TT Pinto,ÉTATS-UNIS
CESSNA,C207,207,Temco TT Pinto,ÉTATS-UNIS
CESSNA,C207,207,Temco TT Pinto,ÉTATS-UNIS
CESSNA,C208,208,Temco TT Pinto,ÉTATS-UNIS
CESSNA,C208,208,Temco TT Pinto,ÉTATS-UNIS
CESSNA,C208,208,Temco TT Pinto,ÉTATS-UNIS
CESSNA,C208,208,Temco TT Pinto,ÉTATS-UNIS
CESSNA,C210,210,Temco TT Pinto,ÉTATS-UNIS
CESSNA,C210,210,Temco TT Pinto,ÉTATS-UNIS
CESSNA,O1,305,Temco TT Pinto,ÉTATS-UNIS
CESSNA,C310,310,Temco TT Pinto,ÉTATS-UNIS
CESSNA,T37,318A,Temco TT Pinto,ÉTATS-UNIS
CESSNA,T37,318B,Temco TT Pinto,ÉTATS-UNIS
CESSNA,T37,318C,Temco TT Pinto,ÉTATS-UNIS
CESSNA,A37,318D,Temco TT Pinto,ÉTATS-UNIS
CESSNA,A37,318E,Temco TT Pinto,ÉTATS-UNIS
CESSNA,C320,320,Temco TT Pinto,ÉTATS-UNIS
CESSNA,C320,320,Temco TT Pinto,ÉTATS-UNIS
CESSNA,O1,321,Temco TT Pinto,ÉTATS-UNIS
CESSNA,C335,335,Temco TT Pinto,ÉTATS-UNIS
CESSNA,C336,336,Temco TT Pinto,ÉTATS-UNIS
CESSNA,C337,337,Temco TT Pinto,ÉTATS-UNIS
CESSNA,C340,340,Temco TT Pinto,ÉTATS-UNIS
CESSNA,C402,401,Temco TT Pinto,ÉTATS-UNIS
CESSNA,C402,402,Temco TT Pinto,ÉTATS-UNIS
CESSNA,C02T,402 (turbine),Temco TT Pinto,ÉTATS-UNIS
CESSNA,C402,402,Temco TT Pinto,ÉTATS-UNIS
CESSNA,C402,402,Temco TT Pinto,ÉTATS-UNIS
CESSNA,C04T,404 (turbine),Temco TT Pinto,ÉTATS-UNIS
CESSNA,C404,404,Temco TT Pinto,ÉTATS-UNIS
CESSNA,C411,411,Temco TT Pinto,ÉTATS-UNIS
CESSNA,C414,414,Temco TT Pinto,ÉTATS-UNIS
CESSNA,C14T,414 (turbine),Temco TT Pinto,ÉTATS-UNIS
CESSNA,C414,414,Temco TT Pinto,ÉTATS-UNIS
CESSNA,C421,421,Temco TT Pinto,ÉTATS-UNIS
CESSNA,C21T,421 (turbine),Temco TT Pinto,ÉTATS-UNIS
CESSNA,C421,421,Temco TT Pinto,ÉTATS-UNIS
CESSNA,C421,421,Temco TT Pinto,ÉTATS-UNIS
CESSNA,C425,425,Temco TT Pinto,ÉTATS-UNIS
CESSNA,C425,425,Temco TT Pinto,ÉTATS-UNIS
CESSNA,C441,441,Temco TT Pinto,ÉTATS-UNIS
CESSNA,C441,441,Temco TT Pinto,ÉTATS-UNIS
CESSNA,C500,500,Temco TT Pinto,ÉTATS-UNIS
CESSNA,C500,500,Temco TT Pinto,ÉTATS-UNIS
CESSNA,C501,501,Temco TT Pinto,ÉTATS-UNIS
CESSNA,C510,510,Temco TT Pinto,ÉTATS-UNIS
CESSNA,C525,525,Temco TT Pinto,ÉTATS-UNIS
CESSNA,C525,525,Temco TT Pinto,ÉTATS-UNIS
CESSNA,C25A,525A,Temco TT Pinto,ÉTATS-UNIS
CESSNA,C25B,525B,Temco TT Pinto,ÉTATS-UNIS
CESSNA,C25C,525C Citation CJ4,Temco TT Pinto,ÉTATS-UNIS
CESSNA,C550,550,Temco TT Pinto,ÉTATS-UNIS
CESSNA,C551,551,Temco TT Pinto,ÉTATS-UNIS
CESSNA,C560,560,Temco TT Pinto,ÉTATS-UNIS
CESSNA,C560,560,Temco TT Pinto,ÉTATS-UNIS
CESSNA,C55B,550B Citation Bravo,Temco TT Pinto,ÉTATS-UNIS
CESSNA,C55B,Citation Bravo,Temco TT Pinto,ÉTATS-UNIS
CESSNA,C560,560,Temco TT Pinto,ÉTATS-UNIS
CESSNA,C56X,560XL,Temco TT Pinto,ÉTATS-UNIS
CESSNA,C56X,560XL,Temco TT Pinto,ÉTATS-UNIS
CESSNA,C650,650,Temco TT Pinto,ÉTATS-UNIS
CESSNA,C650,650,Temco TT Pinto,ÉTATS-UNIS
CESSNA,C650,650,Temco TT Pinto,ÉTATS-UNIS
CESSNA,C680,680,Temco TT Pinto,ÉTATS-UNIS
CESSNA,C750,750,Temco TT Pinto,ÉTATS-UNIS
CESSNA,A37,A-37,Temco TT Pinto,ÉTATS-UNIS
CESSNA,C150,A150,Temco TT Pinto,ÉTATS-UNIS
CESSNA,C152,A152,Temco TT Pinto,ÉTATS-UNIS
CESSNA,C185,A185,Temco TT Pinto,ÉTATS-UNIS
CESSNA,C185,A185,Temco TT Pinto,ÉTATS-UNIS
CESSNA,C188,A188,Temco TT Pinto,ÉTATS-UNIS
CESSNA,C188,A188,Temco TT Pinto,ÉTATS-UNIS
CESSNA,C150,,Temco TT Pinto,ÉTATS-UNIS
CESSNA,C152,,Temco TT Pinto,ÉTATS-UNIS
CESSNA,C185,,Temco TT Pinto,ÉTATS-UNIS
CESSNA,C188,,Temco TT Pinto,ÉTATS-UNIS
CESSNA,C188,,Temco TT Pinto,ÉTATS-UNIS
CESSNA,C188,,Temco TT Pinto,ÉTATS-UNIS
CESSNA,C188,,Temco TT Pinto,ÉTATS-UNIS
CESSNA,CMAS,,Temco TT Pinto,ÉTATS-UNIS
CESSNA,T50,AT-8,Temco TT Pinto,ÉTATS-UNIS
CESSNA,T50,AT-17,Temco TT Pinto,ÉTATS-UNIS
CESSNA,CAW,AW,Temco TT Pinto,ÉTATS-UNIS
CESSNA,O1,,Temco TT Pinto,ÉTATS-UNIS
CESSNA,T50,,Temco TT Pinto,ÉTATS-UNIS
CESSNA,C402,,Temco TT Pinto,ÉTATS-UNIS
CESSNA,CMAS,C-34,Temco TT Pinto,ÉTATS-UNIS
CESSNA,CMAS,C-37,Temco TT Pinto,ÉTATS-UNIS
CESSNA,CMAS,C-38,Temco TT Pinto,ÉTATS-UNIS
CESSNA,C208,C-98,Temco TT Pinto,ÉTATS-UNIS
CESSNA,CMAS,C-145,Temco TT Pinto,ÉTATS-UNIS
CESSNA,CMAS,C-165,Temco TT Pinto,ÉTATS-UNIS
CESSNA,C208,,Temco TT Pinto,ÉTATS-UNIS
CESSNA,F406,,Temco TT Pinto,ÉTATS-UNIS
CESSNA,C177,,Temco TT Pinto,ÉTATS-UNIS
CESSNA,C77R,,Temco TT Pinto,ÉTATS-UNIS
CESSNA,C208,,Temco TT Pinto,ÉTATS-UNIS
CESSNA,C210,,Temco TT Pinto,ÉTATS-UNIS
CESSNA,C414,,Temco TT Pinto,ÉTATS-UNIS
CESSNA,C500,,Temco TT Pinto,ÉTATS-UNIS
CESSNA,C500,,Temco TT Pinto,ÉTATS-UNIS
CESSNA,C501,,Temco TT Pinto,ÉTATS-UNIS
CESSNA,C550,,Temco TT Pinto,ÉTATS-UNIS
CESSNA,C551,,Temco TT Pinto,ÉTATS-UNIS
CESSNA,C650,,Temco TT Pinto,ÉTATS-UNIS
CESSNA,C560,,Temco TT Pinto,ÉTATS-UNIS
CESSNA,C650,,Temco TT Pinto,ÉTATS-UNIS
CESSNA,C650,,Temco TT Pinto,ÉTATS-UNIS
CESSNA,C750,,Temco TT Pinto,ÉTATS-UNIS
CESSNA,C525,,Temco TT Pinto,ÉTATS-UNIS
CESSNA,C25A,,Temco TT Pinto,ÉTATS-UNIS
CESSNA,C25B,,Temco TT Pinto,ÉTATS-UNIS
CESSNA,C25C,Citation CJ4,Temco TT Pinto,ÉTATS-UNIS
CESSNA,C560,,Temco TT Pinto,ÉTATS-UNIS
CESSNA,C56X,,Temco TT Pinto,ÉTATS-UNIS
CESSNA,C510,,Temco TT Pinto,ÉTATS-UNIS
CESSNA,C550,,Temco TT Pinto,ÉTATS-UNIS
CESSNA,C680,,Temco TT Pinto,ÉTATS-UNIS
CESSNA,C560,,Temco TT Pinto,ÉTATS-UNIS
CESSNA,C56X,,Temco TT Pinto,ÉTATS-UNIS
CESSNA,C525,,Temco TT Pinto,ÉTATS-UNIS
CESSNA,C150,,Temco TT Pinto,ÉTATS-UNIS
CESSNA,C441,,Temco TT Pinto,ÉTATS-UNIS
CESSNA,C425,,Temco TT Pinto,ÉTATS-UNIS
CESSNA,C441,,Temco TT Pinto,ÉTATS-UNIS
CESSNA,C425,,Temco TT Pinto,ÉTATS-UNIS
CESSNA,T50,,Temco TT Pinto,ÉTATS-UNIS
CESSNA,C303,,Temco TT Pinto,ÉTATS-UNIS
CESSNA,C172,,Temco TT Pinto,ÉTATS-UNIS
CESSNA,C72R,,Temco TT Pinto,ÉTATS-UNIS
CESSNA,CDC6,DC-6,Temco TT Pinto,ÉTATS-UNIS
CESSNA,A37,,Temco TT Pinto,ÉTATS-UNIS
CESSNA,C421,,Temco TT Pinto,ÉTATS-UNIS
CESSNA,C320,,Temco TT Pinto,ÉTATS-UNIS
CESSNA,F406,F406,Temco TT Pinto,ÉTATS-UNIS
CESSNA,F406,F406,Temco TT Pinto,ÉTATS-UNIS
CESSNA,C421,,Temco TT Pinto,ÉTATS-UNIS
CESSNA,C208,,Temco TT Pinto,ÉTATS-UNIS
CESSNA,C172,,Temco TT Pinto,ÉTATS-UNIS
CESSNA,O1,L-19,Temco TT Pinto,ÉTATS-UNIS
CESSNA,C310,L-27,Temco TT Pinto,ÉTATS-UNIS
CESSNA,C195,LC-126,Temco TT Pinto,ÉTATS-UNIS
CESSNA,C337,M337,Temco TT Pinto,ÉTATS-UNIS
CESSNA,C337,MC337,Temco TT Pinto,ÉTATS-UNIS
CESSNA,C172,,Temco TT Pinto,ÉTATS-UNIS
CESSNA,O1,O-1,Temco TT Pinto,ÉTATS-UNIS
CESSNA,C337,O-2,Temco TT Pinto,ÉTATS-UNIS
CESSNA,C162,Skycatcher,Temco TT Pinto,ÉTATS-UNIS
CESSNA,A37,OA-37,Temco TT Pinto,ÉTATS-UNIS
CESSNA,O1,OE,Temco TT Pinto,ÉTATS-UNIS
CESSNA,C560,OT-47,Temco TT Pinto,ÉTATS-UNIS
CESSNA,C172,P172,Temco TT Pinto,ÉTATS-UNIS
CESSNA,C206,P206,Temco TT Pinto,ÉTATS-UNIS
CESSNA,C10T,P210 (turbine),Temco TT Pinto,ÉTATS-UNIS
CESSNA,P210,P210,Temco TT Pinto,ÉTATS-UNIS
CESSNA,P337,P337,Temco TT Pinto,ÉTATS-UNIS
CESSNA,P210,,Temco TT Pinto,ÉTATS-UNIS
CESSNA,P337,,Temco TT Pinto,ÉTATS-UNIS
CESSNA,C172,R172,Temco TT Pinto,ÉTATS-UNIS
CESSNA,C172,R172,Temco TT Pinto,ÉTATS-UNIS
CESSNA,C82R,R182,Temco TT Pinto,ÉTATS-UNIS
CESSNA,C550,S550,Temco TT Pinto,ÉTATS-UNIS
CESSNA,C172,,Temco TT Pinto,ÉTATS-UNIS
CESSNA,C172,,Temco TT Pinto,ÉTATS-UNIS
CESSNA,C320,,Temco TT Pinto,ÉTATS-UNIS
CESSNA,C182,,Temco TT Pinto,ÉTATS-UNIS
CESSNA,C82R,,Temco TT Pinto,ÉTATS-UNIS
CESSNA,C175,,Temco TT Pinto,ÉTATS-UNIS
CESSNA,C336,,Temco TT Pinto,ÉTATS-UNIS
CESSNA,C185,,Temco TT Pinto,ÉTATS-UNIS
CESSNA,C180,,Temco TT Pinto,ÉTATS-UNIS
CESSNA,C185,,Temco TT Pinto,ÉTATS-UNIS
CESSNA,C206,,Temco TT Pinto,ÉTATS-UNIS
CESSNA,C207,,Temco TT Pinto,ÉTATS-UNIS
CESSNA,C206,,Temco TT Pinto,ÉTATS-UNIS
CESSNA,C206,,Temco TT Pinto,ÉTATS-UNIS
CESSNA,C207,,Temco TT Pinto,ÉTATS-UNIS
CESSNA,C207,,Temco TT Pinto,ÉTATS-UNIS
CESSNA,C208,,Temco TT Pinto,ÉTATS-UNIS
CESSNA,C206,,Temco TT Pinto,ÉTATS-UNIS
CESSNA,C337,,Temco TT Pinto,ÉTATS-UNIS
CESSNA,C206,,Temco TT Pinto,ÉTATS-UNIS
CESSNA,T37,T-37,Temco TT Pinto,ÉTATS-UNIS
CESSNA,C172,T-41,Temco TT Pinto,ÉTATS-UNIS
CESSNA,T50,T-50,Temco TT Pinto,ÉTATS-UNIS
CESSNA,C188,T188,Temco TT Pinto,ÉTATS-UNIS
CESSNA,C207,T207,Temco TT Pinto,ÉTATS-UNIS
CESSNA,C207,T207,Temco TT Pinto,ÉTATS-UNIS
CESSNA,T206,T206 Turbo Stationair,Temco TT Pinto,ÉTATS-UNIS
CESSNA,T206,T206 Stationair TC,Temco TT Pinto,ÉTATS-UNIS
CESSNA,C82S,Turbo Skylane,Temco TT Pinto,ÉTATS-UNIS
CESSNA,C207,T207,Temco TT Pinto,ÉTATS-UNIS
CESSNA,C303,T303,Temco TT Pinto,ÉTATS-UNIS
CESSNA,C310,T310,Temco TT Pinto,ÉTATS-UNIS
CESSNA,C337,T337B,Temco TT Pinto,ÉTATS-UNIS
CESSNA,C337,T337C,Temco TT Pinto,ÉTATS-UNIS
CESSNA,C337,T337D,Temco TT Pinto,ÉTATS-UNIS
CESSNA,C337,T337E,Temco TT Pinto,ÉTATS-UNIS
CESSNA,C337,T337F,Temco TT Pinto,ÉTATS-UNIS
CESSNA,P337,T337G,Temco TT Pinto,ÉTATS-UNIS
CESSNA,C337,T337H,Temco TT Pinto,ÉTATS-UNIS
CESSNA,C404,,Temco TT Pinto,ÉTATS-UNIS
CESSNA,O1,TL-19,Temco TT Pinto,ÉTATS-UNIS
CESSNA,O1,TO-1,Temco TT Pinto,ÉTATS-UNIS
CESSNA,T206,TP206 Turbo Super Skylane,Temco TT Pinto,ÉTATS-UNIS
CESSNA,T206,TU206 Turbo Super Skywagon,Temco TT Pinto,ÉTATS-UNIS
CESSNA,T206,TU206 Turbo Skywagon 206,Temco TT Pinto,ÉTATS-UNIS
CESSNA,T206,TU206 Turbo Stationair,Temco TT Pinto,ÉTATS-UNIS
CESSNA,T206,TU206 Turbo Stationair 6,Temco TT Pinto,ÉTATS-UNIS
CESSNA,T210,T210 Turbo Centurion,Temco TT Pinto,ÉTATS-UNIS
CESSNA,T210,Turbo Centurion,Temco TT Pinto,ÉTATS-UNIS
CESSNA,C82S,T182 Turbo Skylane,Temco TT Pinto,ÉTATS-UNIS
CESSNA,C207,,Temco TT Pinto,ÉTATS-UNIS
CESSNA,C207,,Temco TT Pinto,ÉTATS-UNIS
CESSNA,C207,,Temco TT Pinto,ÉTATS-UNIS
CESSNA,C337,,Temco TT Pinto,ÉTATS-UNIS
CESSNA,C310,U-3,Temco TT Pinto,ÉTATS-UNIS
CESSNA,C185,U-17A,Temco TT Pinto,ÉTATS-UNIS
CESSNA,C185,U-17B,Temco TT Pinto,ÉTATS-UNIS
CESSNA,C180,U-17C,Temco TT Pinto,ÉTATS-UNIS
CESSNA,C208,U-27,Temco TT Pinto,ÉTATS-UNIS
CESSNA,C206,U206,Temco TT Pinto,ÉTATS-UNIS
CESSNA,C206,U206,Temco TT Pinto,ÉTATS-UNIS
CESSNA,C206,U206,Temco TT Pinto,ÉTATS-UNIS
CESSNA,C206,U206,Temco TT Pinto,ÉTATS-UNIS
CESSNA,C560,UC-35 Citation Encore,Temco TT Pinto,ÉTATS-UNIS
CESSNA,C560,UC-35,Temco TT Pinto,ÉTATS-UNIS
CESSNA,T206,Stationair TC,Temco TT Pinto,ÉTATS-UNIS
CESSNA,T206,Turbo Stationair,Temco TT Pinto,ÉTATS-UNIS
CESSNA,T206,Turbo Super Skylane,Temco TT Pinto,ÉTATS-UNIS
CESSNA,T206,Turbo Super Skywagon,Temco TT Pinto,ÉTATS-UNIS
CESSNA,C82T,Turbo Skylane RG,Temco TT Pinto,ÉTATS-UNIS
CESSNA,T50,UC-78,Temco TT Pinto,ÉTATS-UNIS
CESSNA,C402,,Temco TT Pinto,ÉTATS-UNIS
CESSNA,F406,,Temco TT Pinto,ÉTATS-UNIS
CESSNA,C68A,680A Citation Latitude,Temco TT Pinto,ÉTATS-UNIS
CESSNA,C208,208 Caravan 675,Temco TT Pinto,ÉTATS-UNIS
CESSNA,C240,T240 Corvalis TTx,Temco TT Pinto,ÉTATS-UNIS
CESSNA,C240,Corvalis TTx,Temco TT Pinto,ÉTATS-UNIS
CESSNA,C240,T240 TTx,Temco TT Pinto,ÉTATS-UNIS
CESSNA,C240,TTx,Temco TT Pinto,ÉTATS-UNIS
CESSNA,T206,Turbo Skywagon 206,Temco TT Pinto,ÉTATS-UNIS
CESSNA,T206,Turbo Stationair 6,Temco TT Pinto,ÉTATS-UNIS
CESSNA,C82T,TR182 Turbo Skylane RG,Temco TT Pinto,ÉTATS-UNIS
CESSNA,C208,AC-208 Combat Caravan,Temco TT Pinto,ÉTATS-UNIS
CESSNA,C208,Caravan 675,Temco TT Pinto,ÉTATS-UNIS
CESSNA,C208,Combat Caravan,Temco TT Pinto,ÉTATS-UNIS
CESSNA,C68A,Citation Latitude,Temco TT Pinto,ÉTATS-UNIS
CESSNA,E350,E350,Temco TT Pinto,ÉTATS-UNIS
CESSNA,C700,700 Citation Longitude,Temco TT Pinto,ÉTATS-UNIS
CESSNA,C700,Citation Longitude,Temco TT Pinto,ÉTATS-UNIS
CESSNA,E530,E530 Scorpion,Temco TT Pinto,ÉTATS-UNIS
CESSNA,E530,,Temco TT Pinto,ÉTATS-UNIS
CESSNA,C150,T-51,Temco TT Pinto,ÉTATS-UNIS
CESSNA,C408,408 SkyCourier,Temco TT Pinto,ÉTATS-UNIS
CESSNA,C408,,Temco TT Pinto,ÉTATS-UNIS
CESSNA,C56X,560XL Citation Ascend,Temco TT Pinto,ÉTATS-UNIS
CESSNA,C56X,,Temco TT Pinto,ÉTATS-UNIS
MCDONNELL DOUGLAS,HAR,TAV-8,High Alpha Research Vehicle,ÉTATS-UNIS
MCDONNELL DOUGLAS,F18H,Hornet,High Alpha Research Vehicle,ÉTATS-UNIS
MCDONNELL DOUGLAS,F18H,ATF-18 Hornet,High Alpha Research Vehicle,ÉTATS-UNIS
MCDONNELL DOUGLAS,A4,A-4,High Alpha Research Vehicle,ÉTATS-UNIS
MCDONNELL DOUGLAS,H500,AH-6G,High Alpha Research Vehicle,ÉTATS-UNIS
MCDONNELL DOUGLAS,MD52,AH-6J,High Alpha Research Vehicle,ÉTATS-UNIS
MCDONNELL DOUGLAS,H64,AH-64,High Alpha Research Vehicle,ÉTATS-UNIS
MCDONNELL DOUGLAS,H64,AH-64,High Alpha Research Vehicle,ÉTATS-UNIS
MCDONNELL DOUGLAS,H64,AH-64,High Alpha Research Vehicle,ÉTATS-UNIS
MCDONNELL DOUGLAS,F15,,High Alpha Research Vehicle,ÉTATS-UNIS
MCDONNELL DOUGLAS,H64,,High Alpha Research Vehicle,ÉTATS-UNIS
MCDONNELL DOUGLAS,HAR,AV-8,High Alpha Research Vehicle,ÉTATS-UNIS
MCDONNELL DOUGLAS,F15,,High Alpha Research Vehicle,ÉTATS-UNIS
MCDONNELL DOUGLAS,DC93,C-9,High Alpha Research Vehicle,ÉTATS-UNIS
MCDONNELL DOUGLAS,DC93,C-9,High Alpha Research Vehicle,ÉTATS-UNIS
MCDONNELL DOUGLAS,C17,C-17,High Alpha Research Vehicle,ÉTATS-UNIS
MCDONNELL DOUGLAS,F18H,CF-18 Hornet,High Alpha Research Vehicle,ÉTATS-UNIS
MCDONNELL DOUGLAS,F18H,CF-188 Hornet,High Alpha Research Vehicle,ÉTATS-UNIS
MCDONNELL DOUGLAS,F18H,EF-18 Hornet,High Alpha Research Vehicle,ÉTATS-UNIS
MCDONNELL DOUGLAS,EXPL,,High Alpha Research Vehicle,ÉTATS-UNIS
MCDONNELL DOUGLAS,DC85,DC-8-50,High Alpha Research Vehicle,ÉTATS-UNIS
MCDONNELL DOUGLAS,DC85,DC-8-50,High Alpha Research Vehicle,ÉTATS-UNIS
MCDONNELL DOUGLAS,DC86,DC-8-60,High Alpha Research Vehicle,ÉTATS-UNIS
MCDONNELL DOUGLAS,DC87,DC-8-70,High Alpha Research Vehicle,ÉTATS-UNIS
MCDONNELL DOUGLAS,DC91,DC-9-10,High Alpha Research Vehicle,ÉTATS-UNIS
MCDONNELL DOUGLAS,DC92,DC-9-20,High Alpha Research Vehicle,ÉTATS-UNIS
MCDONNELL DOUGLAS,DC93,DC-9-30,High Alpha Research Vehicle,ÉTATS-UNIS
MCDONNELL DOUGLAS,DC94,DC-9-40,High Alpha Research Vehicle,ÉTATS-UNIS
MCDONNELL DOUGLAS,DC95,DC-9-50,High Alpha Research Vehicle,ÉTATS-UNIS
MCDONNELL DOUGLAS,DC10,DC-10,High Alpha Research Vehicle,ÉTATS-UNIS
MCDONNELL DOUGLAS,H500,,High Alpha Research Vehicle,ÉTATS-UNIS
MCDONNELL DOUGLAS,F15,,High Alpha Research Vehicle,ÉTATS-UNIS
MCDONNELL DOUGLAS,HAR,EAV-8,High Alpha Research Vehicle,ÉTATS-UNIS
MCDONNELL DOUGLAS,EXPL,,High Alpha Research Vehicle,ÉTATS-UNIS
MCDONNELL DOUGLAS,EXPL,,High Alpha Research Vehicle,ÉTATS-UNIS
MCDONNELL DOUGLAS,DC10,,High Alpha Research Vehicle,ÉTATS-UNIS
MCDONNELL DOUGLAS,F4,F-4,High Alpha Research Vehicle,ÉTATS-UNIS
MCDONNELL DOUGLAS,F15,F-15,High Alpha Research Vehicle,ÉTATS-UNIS
MCDONNELL DOUGLAS,F18H,FA-18A Hornet,High Alpha Research Vehicle,ÉTATS-UNIS
MCDONNELL DOUGLAS,F18H,FA-18B Hornet,High Alpha Research Vehicle,ÉTATS-UNIS
MCDONNELL DOUGLAS,F15,F-15,High Alpha Research Vehicle,ÉTATS-UNIS
MCDONNELL DOUGLAS,F15,F-15,High Alpha Research Vehicle,ÉTATS-UNIS
MCDONNELL DOUGLAS,F15,F-15,High Alpha Research Vehicle,ÉTATS-UNIS
MCDONNELL DOUGLAS,C17,,High Alpha Research Vehicle,ÉTATS-UNIS
MCDONNELL DOUGLAS,HAWK,,High Alpha Research Vehicle,ÉTATS-UNIS
MCDONNELL DOUGLAS,HAR,,High Alpha Research Vehicle,ÉTATS-UNIS
MCDONNELL DOUGLAS,H64,JAH-64,High Alpha Research Vehicle,ÉTATS-UNIS
MCDONNELL DOUGLAS,DC85,,High Alpha Research Vehicle,ÉTATS-UNIS
MCDONNELL DOUGLAS,DC10,KC-10,High Alpha Research Vehicle,ÉTATS-UNIS
MCDONNELL DOUGLAS,DC10,KDC-10,High Alpha Research Vehicle,ÉTATS-UNIS
MCDONNELL DOUGLAS,H500,,High Alpha Research Vehicle,ÉTATS-UNIS
MCDONNELL DOUGLAS,H64,,High Alpha Research Vehicle,ÉTATS-UNIS
MCDONNELL DOUGLAS,HAR,,High Alpha Research Vehicle,ÉTATS-UNIS
MCDONNELL DOUGLAS,DC10,MD-10,High Alpha Research Vehicle,ÉTATS-UNIS
MCDONNELL DOUGLAS,MD11,MD-11,High Alpha Research Vehicle,ÉTATS-UNIS
MCDONNELL DOUGLAS,MD81,MD-81,High Alpha Research Vehicle,ÉTATS-UNIS
MCDONNELL DOUGLAS,MD82,MD-82,High Alpha Research Vehicle,ÉTATS-UNIS
MCDONNELL DOUGLAS,MD83,MD-83,High Alpha Research Vehicle,ÉTATS-UNIS
MCDONNELL DOUGLAS,F18H,FA-18C Hornet,High Alpha Research Vehicle,ÉTATS-UNIS
MCDONNELL DOUGLAS,F18H,FA-18D Hornet,High Alpha Research Vehicle,ÉTATS-UNIS
MCDONNELL DOUGLAS,MD87,MD-87,High Alpha Research Vehicle,ÉTATS-UNIS
MCDONNELL DOUGLAS,MD88,MD-88,High Alpha Research Vehicle,ÉTATS-UNIS
MCDONNELL DOUGLAS,MD90,MD-90,High Alpha Research Vehicle,ÉTATS-UNIS
MCDONNELL DOUGLAS,H500,MD-500,High Alpha Research Vehicle,ÉTATS-UNIS
MCDONNELL DOUGLAS,H500,MD-500,High Alpha Research Vehicle,ÉTATS-UNIS
MCDONNELL DOUGLAS,H500,MD-500,High Alpha Research Vehicle,ÉTATS-UNIS
MCDONNELL DOUGLAS,MD52,MD-520N,High Alpha Research Vehicle,ÉTATS-UNIS
MCDONNELL DOUGLAS,H500,MD-530F,High Alpha Research Vehicle,ÉTATS-UNIS
MCDONNELL DOUGLAS,H500,MD-530MG,High Alpha Research Vehicle,ÉTATS-UNIS
MCDONNELL DOUGLAS,H500,MD-530MG,High Alpha Research Vehicle,ÉTATS-UNIS
MCDONNELL DOUGLAS,MD52,MD-530N,High Alpha Research Vehicle,ÉTATS-UNIS
MCDONNELL DOUGLAS,MD60,MD-600N,High Alpha Research Vehicle,ÉTATS-UNIS
MCDONNELL DOUGLAS,EXPL,MD-900,High Alpha Research Vehicle,ÉTATS-UNIS
MCDONNELL DOUGLAS,EXPL,MD-900,High Alpha Research Vehicle,ÉTATS-UNIS
MCDONNELL DOUGLAS,EXPL,MD-902,High Alpha Research Vehicle,ÉTATS-UNIS
MCDONNELL DOUGLAS,H500,MH-6H,High Alpha Research Vehicle,ÉTATS-UNIS
MCDONNELL DOUGLAS,MD52,MH-6J,High Alpha Research Vehicle,ÉTATS-UNIS
MCDONNELL DOUGLAS,EXPL,MH-90,High Alpha Research Vehicle,ÉTATS-UNIS
MCDONNELL DOUGLAS,H500,,High Alpha Research Vehicle,ÉTATS-UNIS
MCDONNELL DOUGLAS,DC93,,High Alpha Research Vehicle,ÉTATS-UNIS
MCDONNELL DOUGLAS,A4,OA-4,High Alpha Research Vehicle,ÉTATS-UNIS
MCDONNELL DOUGLAS,H64,,High Alpha Research Vehicle,ÉTATS-UNIS
MCDONNELL DOUGLAS,F4,,High Alpha Research Vehicle,ÉTATS-UNIS
MCDONNELL DOUGLAS,F15,,High Alpha Research Vehicle,ÉTATS-UNIS
MCDONNELL DOUGLAS,F4,RF-4,High Alpha Research Vehicle,ÉTATS-UNIS
MCDONNELL DOUGLAS,A4,,High Alpha Research Vehicle,ÉTATS-UNIS
MCDONNELL DOUGLAS,DC93,,High Alpha Research Vehicle,ÉTATS-UNIS
MCDONNELL DOUGLAS,HAWK,T-45,High Alpha Research Vehicle,ÉTATS-UNIS
MCDONNELL DOUGLAS,A4,TA-4,High Alpha Research Vehicle,ÉTATS-UNIS
MCDONNELL DOUGLAS,HAR,TAV-8,High Alpha Research Vehicle,ÉTATS-UNIS
MCDONNELL DOUGLAS,DC93,VC-9,High Alpha Research Vehicle,ÉTATS-UNIS
MCDONNELL DOUGLAS,C15,YC-15,High Alpha Research Vehicle,ÉTATS-UNIS
MCDONNELL DOUGLAS,F18H,KAF-18 Hornet,High Alpha Research Vehicle,ÉTATS-UNIS
MCDONNELL DOUGLAS,F18S,Super Hornet,High Alpha Research Vehicle,ÉTATS-UNIS
MCDONNELL DOUGLAS,F18S,FA-18E Super Hornet,High Alpha Research Vehicle,ÉTATS-UNIS
MCDONNELL DOUGLAS,F18S,FA-18F Super Hornet,High Alpha Research Vehicle,ÉTATS-UNIS
EMBRAER,E170,ERJ-170-100,,BRESIL
EMBRAER,E75S,175 (short wing),,BRESIL
EMBRAER,E75L,175 (long wing),,BRESIL
EMBRAER,E75S,ERJ-170-200 (short wing),,BRESIL
EMBRAER,E75L,ERJ-170-200 (long wing),,BRESIL
EMBRAER,E55P,EMB-505 Phenom 300,,BRESIL
EMBRAER,E55P,Phenom 300,,BRESIL
EMBRAER,E190,ERJ-190,,BRESIL
EMBRAER,E190,,,BRESIL
EMBRAER,E35L,EMB-135BJ Legacy,,BRESIL
EMBRAER,E35L,EMB-135BJ Legacy 600,,BRESIL
EMBRAER,E35L,EMB-135BJ Legacy 650,,BRESIL
EMBRAER,E170,170,,BRESIL
EMBRAER,E190,190,,BRESIL
EMBRAER,AMX,A-1,,BRESIL
EMBRAER,TUCA,A-27,,BRESIL
EMBRAER,E314,A-29,,BRESIL
EMBRAER,E314,,,BRESIL
EMBRAER,AMX,AMX,,BRESIL
EMBRAER,M326,AT-26,,BRESIL
EMBRAER,E314,AT-29,,BRESIL
EMBRAER,E110,,,BRESIL
EMBRAER,E110,,,BRESIL
EMBRAER,E120,,,BRESIL
EMBRAER,E110,C-95,,BRESIL
EMBRAER,E145,C-99,,BRESIL
EMBRAER,P28B,,,BRESIL
EMBRAER,P28A,,,BRESIL
EMBRAER,P28R,,,BRESIL
EMBRAER,P28T,,,BRESIL
EMBRAER,E121,EC-9,,BRESIL
EMBRAER,E110,EC-95,,BRESIL
EMBRAER,E110,EMB-110,,BRESIL
EMBRAER,E110,EMB-111,,BRESIL
EMBRAER,E120,EMB-120,,BRESIL
EMBRAER,E121,EMB-121,,BRESIL
EMBRAER,E145,EMB-145EP,,BRESIL
EMBRAER,E145,EMB-145ER,,BRESIL
EMBRAER,E145,EMB-145EU,,BRESIL
EMBRAER,E145,EMB-145LR,,BRESIL
EMBRAER,E145,EMB-145LU,,BRESIL
EMBRAER,E145,EMB-145MP,,BRESIL
EMBRAER,E145,EMB-145MP/ASW,,BRESIL
EMBRAER,E145,EMB-145RS,,BRESIL
EMBRAER,E145,EMB-145SA,,BRESIL
EMBRAER,E45X,EMB-145XR,,BRESIL
EMBRAER,IPAN,EMB-200,,BRESIL
EMBRAER,IPAN,EMB-201,,BRESIL
EMBRAER,IPAN,EMB-202,,BRESIL
EMBRAER,TUCA,EMB-312,,BRESIL
EMBRAER,TUCA,EMB-312F,,BRESIL
EMBRAER,E545,EMB-545 Legacy 450,,BRESIL
EMBRAER,E314,EMB-312H,,BRESIL
EMBRAER,E314,EMB-314,,BRESIL
EMBRAER,E314,EMB-314,,BRESIL
EMBRAER,M326,EMB-326,,BRESIL
EMBRAER,E50P,EMB-500 Phenom 100,,BRESIL
EMBRAER,P28B,EMB-710,,BRESIL
EMBRAER,P28R,EMB-711B,,BRESIL
EMBRAER,P28R,EMB-711C,,BRESIL
EMBRAER,P28T,EMB-711T,,BRESIL
EMBRAER,P28A,EMB-712,,BRESIL
EMBRAER,P28A,EMB-712,,BRESIL
EMBRAER,PA32,EMB-720,,BRESIL
EMBRAER,P32R,EMB-721,,BRESIL
EMBRAER,PA34,EMB-810,,BRESIL
EMBRAER,PA31,EMB-820,,BRESIL
EMBRAER,E135,ERJ-135,,BRESIL
EMBRAER,E135,ERJ-140,,BRESIL
EMBRAER,E145,ERJ-145EP,,BRESIL
EMBRAER,E145,ERJ-145ER,,BRESIL
EMBRAER,E145,ERJ-145EU,,BRESIL
EMBRAER,E145,ERJ-145LR,,BRESIL
EMBRAER,E145,ERJ-145LU,,BRESIL
EMBRAER,E145,ERJ-145MP,,BRESIL
EMBRAER,E45X,ERJ-145XR,,BRESIL
EMBRAER,IPAN,,,BRESIL
EMBRAER,P32T,,,BRESIL
EMBRAER,PA32,,,BRESIL
EMBRAER,PA31,,,BRESIL
EMBRAER,E110,P-95,,BRESIL
EMBRAER,PA25,PA-25,,BRESIL
EMBRAER,P32T,PA-32RT-300,,BRESIL
EMBRAER,PA25,,,BRESIL
EMBRAER,E50P,Phenom 100,,BRESIL
EMBRAER,E110,R-95,,BRESIL
EMBRAER,E145,R-99,,BRESIL
EMBRAER,M326,RT-26,,BRESIL
EMBRAER,E110,SC-95,,BRESIL
EMBRAER,PA34,,,BRESIL
EMBRAER,P32R,,,BRESIL
EMBRAER,E314,,,BRESIL
EMBRAER,TUCA,T-27,,BRESIL
EMBRAER,TUCA,,,BRESIL
EMBRAER,P28A,,,BRESIL
EMBRAER,PA34,U-7,,BRESIL
EMBRAER,E550,EMB-550 Legacy 500,,BRESIL
EMBRAER,IPAN,U-19,,BRESIL
EMBRAER,E120,VC-97,,BRESIL
EMBRAER,E121,VU-9,,BRESIL
EMBRAER,M326,,,BRESIL
EMBRAER,E121,,,BRESIL
EMBRAER,E314,YA-29,,BRESIL
EMBRAER,P28U,EMB-711ST Corisco 2 Turbo,,BRESIL
EMBRAER,P28U,Corisco 2 Turbo,,BRESIL
EMBRAER,E35L,Legacy 600,,BRESIL
EMBRAER,E35L,Legacy 650,,BRESIL
EMBRAER,E35L,VC-99B Legacy,,BRESIL
EMBRAER,E35L,VC-99B Legacy 600,,BRESIL
EMBRAER,E145,E-99,,BRESIL
EMBRAER,E145,VC-99A,,BRESIL
EMBRAER,E145,EMB-145AEW&C,,BRESIL
EMBRAER,E145,EMB-145SM,,BRESIL
EMBRAER,E135,VC-99C,,BRESIL
EMBRAER,E135,EMB-135ER,,BRESIL
EMBRAER,E135,EMB-135KE,,BRESIL
EMBRAER,E135,EMB-135KL,,BRESIL
EMBRAER,E135,EMB-135LR,,BRESIL
EMBRAER,E195,195,,BRESIL
EMBRAER,E190,ERJ-190-100,,BRESIL
EMBRAER,E195,ERJ-190-200,,BRESIL
EMBRAER,E290,ERJ-190-300,,BRESIL
EMBRAER,E290,E190-E2,,BRESIL
EMBRAER,E295,ERJ-190-400,,BRESIL
EMBRAER,E295,E195-E2,,BRESIL
EMBRAER,E275,ERJ-190-500,,BRESIL
EMBRAER,E275,E175-E2,,BRESIL
EMBRAER,E550,EMB-550 Praetor 600,,BRESIL
EMBRAER,E550,,,BRESIL
EMBRAER,E545,EMB-545 Praetor 500,,BRESIL
EMBRAER,E545,,,BRESIL
EMBRAER,E545,,,BRESIL
EMBRAER,E550,,,BRESIL
EMBRAER,IPAN,EMB-203,,BRESIL
EMBRAER,E390,KC-390,,BRESIL
EMBRAER,E390,C-390,,BRESIL
EMBRAER,E390,,,BRESIL
EMBRAER,E390,EMB-390,,BRESIL
EMBRAER,E35L,,,BRESIL
BOMBARDIER,CRJX,CL-600 Regional Jet ,JA81AM,CANADA
BOMBARDIER,CRJX,Regional Jet CRJ-1000,JA81AM,CANADA
BOMBARDIER,CL30,BD-100,JA81AM,CANADA
BOMBARDIER,GL5T,BD-700,JA81AM,CANADA
BOMBARDIER,GLEX,BD-700,JA81AM,CANADA
BOMBARDIER,CL30,,JA81AM,CANADA
BOMBARDIER,GL5T,,JA81AM,CANADA
BOMBARDIER,GLEX,,JA81AM,CANADA
BOMBARDIER,GLEX,,JA81AM,CANADA
BOMBARDIER,BCS1,BD-500 CSeries CS100,JA81AM,CANADA
BOMBARDIER,BCS3,BD-500 CSeries CS300,JA81AM,CANADA
BOMBARDIER,CL35,BD-100 Challenger 350,JA81AM,CANADA
BOMBARDIER,CL35,Challenger 350,JA81AM,CANADA
BOMBARDIER,CL60,CL-600 Challenger 650,JA81AM,CANADA
BOMBARDIER,CL60,Challenger 650,JA81AM,CANADA
BOMBARDIER,GLEX,E-11,JA81AM,CANADA
BOMBARDIER,GL7T,BD-700 Global 7000,JA81AM,CANADA
BOMBARDIER,GL7T,Global 7000,JA81AM,CANADA
BOMBARDIER,GLEX,BD-700 ,JA81AM,CANADA
BOMBARDIER,GLEX,Global 6000,JA81AM,CANADA
BOMBARDIER,BCS1,CSeries CS100,JA81AM,CANADA
BOMBARDIER,BCS3,CSeries CS300,JA81AM,CANADA
BOMBARDIER,BCS1,CS100,JA81AM,CANADA
BOMBARDIER,BCS3,CS300,JA81AM,CANADA
BOMBARDIER,CRJ7,CL-600 ,JA81AM,CANADA
BOMBARDIER,CRJ7,,JA81AM,CANADA
BOMBARDIER,GL5T,BD-700,JA81AM,CANADA
BOMBARDIER,GLEX,BD-700,JA81AM,CANADA
BOMBARDIER,GL7T,BD-700,JA81AM,CANADA
BOMBARDIER,GL5T,,JA81AM,CANADA
BOMBARDIER,GLEX,,JA81AM,CANADA
BOMBARDIER,GL7T,,JA81AM,CANADA
BOMBARDIER,GLEX,BD-700 Sentinel,JA81AM,CANADA
BOMBARDIER,DH8A,DHC-8-100 Dash 8,JA81AM,CANADA
BOMBARDIER,DH8B,DHC-8-200 Dash 8,JA81AM,CANADA
BOMBARDIER,DH8C,DHC-8-300 Dash 8,JA81AM,CANADA
BOMBARDIER,DH8D,DHC-8-400 Dash 8,JA81AM,CANADA
BOMBARDIER,DH8A,,JA81AM,CANADA
BOMBARDIER,DH8B,,JA81AM,CANADA
BOMBARDIER,DH8C,,JA81AM,CANADA
BOMBARDIER,DH8D,,JA81AM,CANADA
BOMBARDIER,DH8C,RO-6,JA81AM,CANADA
BOMBARDIER,CL35,BD-100 Challenger 3500,JA81AM,CANADA
BOMBARDIER,CL35,,JA81AM,CANADA
BOMBARDIER,GL7T,BD-700,JA81AM,CANADA
BOMBARDIER,GL7T,,JA81AM,CANADA
PILATUS,PC7,,,SUISSE
PILATUS,PC7,AT-92,,,SUISSE
PILATUS,PC6T,,,,SUISSE
PILATUS,PC12,,,,SUISSE
PILATUS,PC9,,,,SUISSE
PILATUS,PP2,P-2,,,SUISSE
PILATUS,PP3,P-3,,,SUISSE
PILATUS,PC6P,PC-6,,,SUISSE
PILATUS,PC6T,PC-6A,,,SUISSE
PILATUS,PC6T,PC-6B,,,SUISSE
PILATUS,PC6T,PC-6C,,,SUISSE
PILATUS,PC7,PC-7,,,SUISSE
PILATUS,PC7,PC-7,,,SUISSE
PILATUS,PC9,PC-9,,,SUISSE
PILATUS,PC9,PC-9,,,SUISSE
PILATUS,PC12,PC-12,,,SUISSE
PILATUS,PC12,PC-12,,,SUISSE
PILATUS,PC12,PC-12,,,SUISSE
PILATUS,PC21,PC-21,,,SUISSE
PILATUS,PC6P,,,,SUISSE
PILATUS,PC12,,,,SUISSE
PILATUS,PC7,,,,SUISSE
PILATUS,PC6T,,,,SUISSE
PILATUS,PC12,U-28,,,SUISSE
PILATUS,PC6T,UV-20,,,SUISSE
PILATUS,PC24,PC-24,,,SUISSE
DASSAULT,ATLA,1150 Atlantic,,,FRANCE
DASSAULT,ATLA,Atlantic,,,FRANCE
DASSAULT,ATLA,,,,FRANCE
DASSAULT,ETAR,,,,FRANCE
DASSAULT,MIRA,F-103 Mirage 3,,,FRANCE
DASSAULT,FA7X,,,,FRANCE
DASSAULT,FA10,,,,FRANCE
DASSAULT,FA20,,,,FRANCE
DASSAULT,FA50,,,,FRANCE
DASSAULT,FA10,Falcon 100,,,FRANCE
DASSAULT,FA20,Falcon 200,,,FRANCE
DASSAULT,F900,,,,FRANCE
DASSAULT,F2TH,,,,FRANCE
DASSAULT,FLAM,,,,FRANCE
DASSAULT,FA20,Gardian,,,FRANCE
DASSAULT,FA20,Guardian,,,FRANCE
DASSAULT,FA20,HU-25 Guardian,,,FRANCE
DASSAULT,FLAM,MD-311,,,FRANCE
DASSAULT,FLAM,MD-312,,,FRANCE
DASSAULT,MYS4,MD-454A,,,FRANCE
DASSAULT,MIRA,,,,FRANCE
DASSAULT,MIRA,,,,FRANCE
DASSAULT,MIRA,,,,FRANCE
DASSAULT,MIR2,,,,FRANCE
DASSAULT,MRF1,,,,FRANCE
DASSAULT,MYS4,,,,FRANCE
DASSAULT,FA10,,,,FRANCE
DASSAULT,FA20,,,,FRANCE
DASSAULT,FA50,,,,FRANCE
DASSAULT,FA10,Mystère 100,,,FRANCE
DASSAULT,FA20,Mystère 200,,,FRANCE
DASSAULT,F900,,,,FRANCE
DASSAULT,RFAL,,,,FRANCE
DASSAULT,ETAR,Super Etendard,,,FRANCE
DASSAULT,SMB2,,,,FRANCE
DASSAULT,MIR2,Vajra,,,FRANCE
DASSAULT,FA8X,Falcon 8X,,,FRANCE
DASSAULT,FA6X,,,,FRANCE
BEECH,BE36,Bonanza 36,,,ÉTATS-UNIS
BEECH,BE17,17,,,ÉTATS-UNIS
BEECH,BE18,18 (piston),,,ÉTATS-UNIS
BEECH,B18T,18 (turbine),,,ÉTATS-UNIS
BEECH,BE19,19,,,ÉTATS-UNIS
BEECH,BE19,19,,,ÉTATS-UNIS
BEECH,BE23,23,,,ÉTATS-UNIS
BEECH,BE23,23,,,ÉTATS-UNIS
BEECH,BE24,24,,,ÉTATS-UNIS
BEECH,BE24,24,,,ÉTATS-UNIS
BEECH,BE33,33,,,ÉTATS-UNIS
BEECH,BE33,33,,,ÉTATS-UNIS
BEECH,BE35,35,,,ÉTATS-UNIS
BEECH,B36T,36,,,ÉTATS-UNIS
BEECH,T34P,45,,,ÉTATS-UNIS
BEECH,BE50,50,,,ÉTATS-UNIS
BEECH,BE55,55,,,ÉTATS-UNIS
BEECH,BE56,56,,,ÉTATS-UNIS
BEECH,BE58,58,,,ÉTATS-UNIS
BEECH,BE60,60,,,ÉTATS-UNIS
BEECH,BE65,65,,,ÉTATS-UNIS
BEECH,BE70,70,,,ÉTATS-UNIS
BEECH,BE76,76,,,ÉTATS-UNIS
BEECH,BE77,77,,,ÉTATS-UNIS
BEECH,BE80,80,,,ÉTATS-UNIS
BEECH,BE80,80,,,ÉTATS-UNIS
BEECH,BE88,88,,,ÉTATS-UNIS
BEECH,U21,90 (A90-1),,,ÉTATS-UNIS
BEECH,U21,90 (A90-2),,,ÉTATS-UNIS
BEECH,U21,90 (A90-3),,,ÉTATS-UNIS
BEECH,U21,90 (A90-4),,,ÉTATS-UNIS
BEECH,BE9L,90 (A90),,,ÉTATS-UNIS
BEECH,BE9L,90 (B90),,,ÉTATS-UNIS
BEECH,BE9L,90 (C90),,,ÉTATS-UNIS
BEECH,BE9L,90 (D90),,,ÉTATS-UNIS
BEECH,BE9L,90 (E90),,,ÉTATS-UNIS
BEECH,BE9T,90 (F90),,,ÉTATS-UNIS
BEECH,BE9L,90,,,ÉTATS-UNIS
BEECH,BE95,95,,,ÉTATS-UNIS
BEECH,BE99,99,,,ÉTATS-UNIS
BEECH,BE10,100,,,ÉTATS-UNIS
BEECH,BE20,200,,,ÉTATS-UNIS
BEECH,B350,300 (B300),,,ÉTATS-UNIS
BEECH,BE30,300,,,ÉTATS-UNIS
BEECH,BE40,400,,,ÉTATS-UNIS
BEECH,U22,1074,,,ÉTATS-UNIS
BEECH,U22,1079,,,ÉTATS-UNIS
BEECH,BE20,1300,,,ÉTATS-UNIS
BEECH,B190,1900,,,ÉTATS-UNIS
BEECH,STAR,2000,,,ÉTATS-UNIS
BEECH,BE99,,,,ÉTATS-UNIS
BEECH,BE18,AT-7,,,ÉTATS-UNIS
BEECH,BE18,AT-11,,,ÉTATS-UNIS
BEECH,BE55,,,,ÉTATS-UNIS
BEECH,BE58,,,,ÉTATS-UNIS
BEECH,BE33,,,,ÉTATS-UNIS
BEECH,BE35,,,,ÉTATS-UNIS
BEECH,BE36,A36 Bonanza 36,,,ÉTATS-UNIS
BEECH,BE36,A36AT Bonanza 36,,,ÉTATS-UNIS
BEECH,B36T,,,,ÉTATS-UNIS
BEECH,BE20,C-12A,,,ÉTATS-UNIS
BEECH,BE20,C-12C,,,ÉTATS-UNIS
BEECH,BE20,C-12D,,,ÉTATS-UNIS
BEECH,BE20,C-12E,,,ÉTATS-UNIS
BEECH,BE20,C-12F,,,ÉTATS-UNIS
BEECH,B190,C-12J,,,ÉTATS-UNIS
BEECH,BE20,C-12L,,,ÉTATS-UNIS
BEECH,BE20,C-12R,,,ÉTATS-UNIS
BEECH,BE18,C-45,,,ÉTATS-UNIS
BEECH,BE55,C-55,,,ÉTATS-UNIS
BEECH,BE55,,,,ÉTATS-UNIS
BEECH,BE20,,,,ÉTATS-UNIS
BEECH,BE33,,,,ÉTATS-UNIS
BEECH,BE76,,,,ÉTATS-UNIS
BEECH,BE60,,,,ÉTATS-UNIS
BEECH,U21,EU-21,,,ÉTATS-UNIS
BEECH,BE18,,,,ÉTATS-UNIS
BEECH,BE20,FWC-12,,,ÉTATS-UNIS
BEECH,BE20,,,,ÉTATS-UNIS
BEECH,BE40,,,,ÉTATS-UNIS
BEECH,BE20,JC-12,,,ÉTATS-UNIS
BEECH,BE18,JRB,,,ÉTATS-UNIS
BEECH,U21,JU-21,,,ÉTATS-UNIS
BEECH,BE18,,,,ÉTATS-UNIS
BEECH,BE9L,,,,ÉTATS-UNIS
BEECH,BE10,,,,ÉTATS-UNIS
BEECH,BE9T,,,,ÉTATS-UNIS
BEECH,T34P,,,,ÉTATS-UNIS
BEECH,BE23,,,,ÉTATS-UNIS
BEECH,BE19,,,,ÉTATS-UNIS
BEECH,BE24,,,,ÉTATS-UNIS
BEECH,BE18,,,,ÉTATS-UNIS
BEECH,BE20,NC-12,,,ÉTATS-UNIS
BEECH,U22,QU-22,,,ÉTATS-UNIS
BEECH,BE65,,,,ÉTATS-UNIS
BEECH,BE70,,,,ÉTATS-UNIS
BEECH,BE80,,,,ÉTATS-UNIS
BEECH,BE88,,,,ÉTATS-UNIS
BEECH,BE20,RC-12,,,ÉTATS-UNIS
BEECH,BE18,RC-45,,,ÉTATS-UNIS
BEECH,BE50,RU-8,,,ÉTATS-UNIS
BEECH,U21,RU-21,,,ÉTATS-UNIS
BEECH,BE50,,,,ÉTATS-UNIS
BEECH,BE65,,,,ÉTATS-UNIS
BEECH,BE24,,,,ÉTATS-UNIS
BEECH,BE77,,,,ÉTATS-UNIS
BEECH,BE18,SNB,,,ÉTATS-UNIS
BEECH,BE19,,,,ÉTATS-UNIS
BEECH,BE17,,,,ÉTATS-UNIS
BEECH,STAR,,,,ÉTATS-UNIS
BEECH,BE23,,,,ÉTATS-UNIS
BEECH,B350,,,,ÉTATS-UNIS
BEECH,BE20,,,,ÉTATS-UNIS
BEECH,BE30,,,,ÉTATS-UNIS
BEECH,BE40,T-1,,,ÉTATS-UNIS
BEECH,T34P,T-34A,,,ÉTATS-UNIS
BEECH,T34P,T-34B,,,ÉTATS-UNIS
BEECH,T34T,T-34C,,,ÉTATS-UNIS
BEECH,BE55,T-42,,,ÉTATS-UNIS
BEECH,BE20,TC-12,,,ÉTATS-UNIS
BEECH,BE18,TC-45,,,ÉTATS-UNIS
BEECH,BE95,,,,ÉTATS-UNIS
BEECH,BE17,,,,ÉTATS-UNIS
BEECH,BE56,,,,ÉTATS-UNIS
BEECH,T34T,,,,ÉTATS-UNIS
BEECH,BE50,,,,ÉTATS-UNIS
BEECH,BE20,,,,ÉTATS-UNIS
BEECH,BE50,U-8D,,,ÉTATS-UNIS
BEECH,BE50,U-8E,,,ÉTATS-UNIS
BEECH,BE65,U-8F,,,ÉTATS-UNIS
BEECH,BE50,U-8G,,,ÉTATS-UNIS
BEECH,U21,U-21A,,,ÉTATS-UNIS
BEECH,BE10,U-21F,,,ÉTATS-UNIS
BEECH,U21,U-21G,,,ÉTATS-UNIS
BEECH,BE20,UC-12,,,ÉTATS-UNIS
BEECH,BE17,UC-43,,,ÉTATS-UNIS
BEECH,BE18,UC-45,,,ÉTATS-UNIS
BEECH,U21,,,,ÉTATS-UNIS
BEECH,BE10,,,,ÉTATS-UNIS
BEECH,BE17,YC-43,,,ÉTATS-UNIS
BEECH,BE80,,,,ÉTATS-UNIS
BEECH,B60T,60 Royal Turbine Duke,,,ÉTATS-UNIS
BEECH,B60T,Royal Turbine Duke,,,ÉTATS-UNIS
BEECH,BE36,36 Bonanza 36,,,ÉTATS-UNIS
BEECH,BT36,A36TC Bonanza,,,ÉTATS-UNIS
BEECH,BT36,B36TC Bonanza,,,ÉTATS-UNIS
BEECH,BT36,Bonanza (A36TC/B36TC),,,ÉTATS-UNIS
BEECH,B58T,58P Pressurized Baron,,,ÉTATS-UNIS
BEECH,B58T,Pressurized Baron,,,ÉTATS-UNIS
BEECH,B58T,58TC Baron,,,ÉTATS-UNIS
BEECH,B58T,Baron (58TC),,,ÉTATS-UNIS
BEECH,BE40,400A,,,ÉTATS-UNIS
BEECH,BE40,400T,,,ÉTATS-UNIS
BEECH,BE40,400T,,,ÉTATS-UNIS
BEECH,BE40,,,,ÉTATS-UNIS
BEECH,BE40,T-400,,,ÉTATS-UNIS
BEECH,BE40,Beechjet (400/400A),,,ÉTATS-UNIS
BEECH,BE4W,Beechjet (400XT/400XPR),,,ÉTATS-UNIS
BEECH,BE4W,400XT,,,ÉTATS-UNIS
BEECH,BE4W,400XPR,,,ÉTATS-UNIS
BEECH,BE9L,T-44 Pegasus,,,ÉTATS-UNIS
BEECH,BE9L,,,,ÉTATS-UNIS
BEECHCRAFT,BE36,G36 Bonanza,Hawker 4000,ÉTATS-UNIS
BEECHCRAFT,BE36,Bonanza (G36),Hawker 4000,ÉTATS-UNIS
BEECHCRAFT,BE58,58 Baron,Hawker 4000,ÉTATS-UNIS
BEECHCRAFT,BE58,Baron,Hawker 4000,ÉTATS-UNIS
BEECHCRAFT,BE9L,90 King Air 90,Hawker 4000,ÉTATS-UNIS
BEECHCRAFT,BE9L,King Air 90,Hawker 4000,ÉTATS-UNIS
BEECHCRAFT,BE20,200 King Air 250,Hawker 4000,ÉTATS-UNIS
BEECHCRAFT,BE20,King Air 250,Hawker 4000,ÉTATS-UNIS
BEECHCRAFT,B350,300 (B300) King Air 350,Hawker 4000,ÉTATS-UNIS
BEECHCRAFT,B350,King Air 350,Hawker 4000,ÉTATS-UNIS
BEECHCRAFT,TEX2,T-6 Texan 2,Hawker 4000,ÉTATS-UNIS
BEECHCRAFT,TEX2,Texan 2,Hawker 4000,ÉTATS-UNIS
BEECHCRAFT,B350,,Hawker 4000,ÉTATS-UNIS
BEECHCRAFT,B350,300 (B300) King Air 360,Hawker 4000,ÉTATS-UNIS
BEECHCRAFT,BE22,220 Denali,Hawker 4000,ÉTATS-UNIS
BEECHCRAFT,BE22,,Hawker 4000,ÉTATS-UNIS
BEECHCRAFT,BE20,200 King Air 260,Hawker 4000,ÉTATS-UNIS
BEECHCRAFT,BE20,,Hawker 4000,ÉTATS-UNIS
BELL,B47G,47D,LLRV,ÉTATS-UNIS
BELL,B47G,47G,LLRV,ÉTATS-UNIS
BELL,B47G,47G,LLRV,ÉTATS-UNIS
BELL,B47G,47H,LLRV,ÉTATS-UNIS
BELL,B47J,47J,LLRV,ÉTATS-UNIS
BELL,UH1,204,LLRV,ÉTATS-UNIS
BELL,UH1,205,LLRV,ÉTATS-UNIS
BELL,B06,206A,LLRV,ÉTATS-UNIS
BELL,B06,206B,LLRV,ÉTATS-UNIS
BELL,B06,206L,LLRV,ÉTATS-UNIS
BELL,B06T,206LT,LLRV,ÉTATS-UNIS
BELL,HUCO,209,LLRV,ÉTATS-UNIS
BELL,SUCO,209,LLRV,ÉTATS-UNIS
BELL,UH1,210,LLRV,ÉTATS-UNIS
BELL,B212,212,LLRV,ÉTATS-UNIS
BELL,B212,212,LLRV,ÉTATS-UNIS
BELL,B214,214A,LLRV,ÉTATS-UNIS
BELL,B214,214B,LLRV,ÉTATS-UNIS
BELL,B214,214C,LLRV,ÉTATS-UNIS
BELL,BSTP,214ST,LLRV,ÉTATS-UNIS
BELL,B222,222,LLRV,ÉTATS-UNIS
BELL,B230,230,LLRV,ÉTATS-UNIS
BELL,B06,406,LLRV,ÉTATS-UNIS
BELL,B06,406,LLRV,ÉTATS-UNIS
BELL,B407,407,LLRV,ÉTATS-UNIS
BELL,B412,412,LLRV,ÉTATS-UNIS
BELL,B412,412,LLRV,ÉTATS-UNIS
BELL,B412,412,LLRV,ÉTATS-UNIS
BELL,B427,427,LLRV,ÉTATS-UNIS
BELL,B429,429,LLRV,ÉTATS-UNIS
BELL,B430,430,LLRV,ÉTATS-UNIS
BELL,SUCO,449,LLRV,ÉTATS-UNIS
BELL,HUCO,AH-1E,LLRV,ÉTATS-UNIS
BELL,HUCO,AH-1F,LLRV,ÉTATS-UNIS
BELL,HUCO,AH-1P,LLRV,ÉTATS-UNIS
BELL,HUCO,AH-1S,LLRV,ÉTATS-UNIS
BELL,SUCO,AH-1W,LLRV,ÉTATS-UNIS
BELL,SUCO,AH-1Z,LLRV,ÉTATS-UNIS
BELL,P39,,LLRV,ÉTATS-UNIS
BELL,B214,,LLRV,ÉTATS-UNIS
BELL,UH1,CH-118,LLRV,ÉTATS-UNIS
BELL,B06,CH-136,LLRV,ÉTATS-UNIS
BELL,B06,CH-139,LLRV,ÉTATS-UNIS
BELL,B412,CH-146,LLRV,ÉTATS-UNIS
BELL,B06,COH-58,LLRV,ÉTATS-UNIS
BELL,B06,,LLRV,ÉTATS-UNIS
BELL,B06,,LLRV,ÉTATS-UNIS
BELL,UH1,CUH-1H,LLRV,ÉTATS-UNIS
BELL,UH1,EH-1,LLRV,ÉTATS-UNIS
BELL,B429,,LLRV,ÉTATS-UNIS
BELL,B412,,LLRV,ÉTATS-UNIS
BELL,B412,,LLRV,ÉTATS-UNIS
BELL,UH1,HH-1,LLRV,ÉTATS-UNIS
BELL,B412,Arapaho (412),LLRV,ÉTATS-UNIS
BELL,B407,Arapaho (RH-70),LLRV,ÉTATS-UNIS
BELL,B47J,HH-13,LLRV,ÉTATS-UNIS
BELL,HUCO,,LLRV,ÉTATS-UNIS
BELL,UH1,,LLRV,ÉTATS-UNIS
BELL,B214,,LLRV,ÉTATS-UNIS
BELL,B06,,LLRV,ÉTATS-UNIS
BELL,P63,,LLRV,ÉTATS-UNIS
BELL,B06,,LLRV,ÉTATS-UNIS
BELL,B06,,LLRV,ÉTATS-UNIS
BELL,B06,,LLRV,ÉTATS-UNIS
BELL,B47G,OH-13,LLRV,ÉTATS-UNIS
BELL,B06,OH-58,LLRV,ÉTATS-UNIS
BELL,B06,OH-58,LLRV,ÉTATS-UNIS
BELL,P39,P-39,LLRV,ÉTATS-UNIS
BELL,P63,P-63,LLRV,ÉTATS-UNIS
BELL,B47J,,LLRV,ÉTATS-UNIS
BELL,B06,,LLRV,ÉTATS-UNIS
BELL,B412,,LLRV,ÉTATS-UNIS
BELL,UH1,SH-1,LLRV,ÉTATS-UNIS
BELL,B47G,,LLRV,ÉTATS-UNIS
BELL,SUCO,,LLRV,ÉTATS-UNIS
BELL,BSTP,,LLRV,ÉTATS-UNIS
BELL,HUCO,TAH-1,LLRV,ÉTATS-UNIS
BELL,UH1,TH-1E,LLRV,ÉTATS-UNIS
BELL,B407,ARH-70 Arapaho,LLRV,ÉTATS-UNIS
BELL,B407,YRH-70,LLRV,ÉTATS-UNIS
BELL,UH1,TH-1F,LLRV,ÉTATS-UNIS
BELL,UH1,TH-1H Iroquois,LLRV,ÉTATS-UNIS
BELL,UH1,TH-1L,LLRV,ÉTATS-UNIS
BELL,HUCO,TH-1S,LLRV,ÉTATS-UNIS
BELL,B47J,TH-13N,LLRV,ÉTATS-UNIS
BELL,B47G,TH-13T,LLRV,ÉTATS-UNIS
BELL,B06,TH-57,LLRV,ÉTATS-UNIS
BELL,B06,TH-67,LLRV,ÉTATS-UNIS
BELL,B06,TH-206,LLRV,ÉTATS-UNIS
BELL,B47G,,LLRV,ÉTATS-UNIS
BELL,B212,,LLRV,ÉTATS-UNIS
BELL,B06T,,LLRV,ÉTATS-UNIS
BELL,UH1,UH-1A,LLRV,ÉTATS-UNIS
BELL,UH1,UH-1B,LLRV,ÉTATS-UNIS
BELL,UH1,UH-1C,LLRV,ÉTATS-UNIS
BELL,UH1,UH-1D,LLRV,ÉTATS-UNIS
BELL,UH1,UH-1E,LLRV,ÉTATS-UNIS
BELL,UH1,UH-1F,LLRV,ÉTATS-UNIS
BELL,UH1,UH-1H,LLRV,ÉTATS-UNIS
BELL,UH1,UH-1L,LLRV,ÉTATS-UNIS
BELL,UH1,UH-1M,LLRV,ÉTATS-UNIS
BELL,B212,UH-1N,LLRV,ÉTATS-UNIS
BELL,UH1,UH-1V,LLRV,ÉTATS-UNIS
BELL,UH1Y,UH-1Y,LLRV,ÉTATS-UNIS
BELL,B47G,UH-13H,LLRV,ÉTATS-UNIS
BELL,B47J,UH-13J,LLRV,ÉTATS-UNIS
BELL,B47J,UH-13P,LLRV,ÉTATS-UNIS
BELL,B47J,UH-13R,LLRV,ÉTATS-UNIS
BELL,B212,VH-1,LLRV,ÉTATS-UNIS
BELL,B06,VH-4,LLRV,ÉTATS-UNIS
BELL,B412,412 Griffin,LLRV,ÉTATS-UNIS
BELL,B525,525 Relentless,LLRV,ÉTATS-UNIS
BELL,B525,Relentless,LLRV,ÉTATS-UNIS
BELL,B505,505,LLRV,ÉTATS-UNIS
BELL,B505,,LLRV,ÉTATS-UNIS
BELL,V280,V-280,LLRV,ÉTATS-UNIS
BELL,V280,,LLRV,ÉTATS-UNIS
CANADAIR,CAT,A-10,Bombardier Challenger 850,CANADA
CANADAIR,CL60,C-143 Challenger 604,Bombardier Challenger 850,CANADA
CANADAIR,CAT,,Bombardier Challenger 850,CANADA
CANADAIR,CVLT,CC-109,Bombardier Challenger 850,CANADA
CANADAIR,CL60,CC-144,Bombardier Challenger 850,CANADA
CANADAIR,CL60,CC-144B,Bombardier Challenger 850,CANADA
CANADAIR,CL60,CE-144A,Bombardier Challenger 850,CANADA
CANADAIR,F5,CF-5,Bombardier Challenger 850,CANADA
CANADAIR,F104,CF-104,Bombardier Challenger 850,CANADA
CANADAIR,F5,CF-116,Bombardier Challenger 850,CANADA
CANADAIR,CL60,,Bombardier Challenger 850,CANADA
CANADAIR,CL60,,Bombardier Challenger 850,CANADA
CANADAIR,CL60,,Bombardier Challenger 850,CANADA
CANADAIR,CL60,Challenger 605,Bombardier Challenger 850,CANADA
CANADAIR,CRJ2,,Bombardier Challenger 850,CANADA
CANADAIR,CRJ2,Challenger 850,Bombardier Challenger 850,CANADA
CANADAIR,CRJ7,Challenger 870,Bombardier Challenger 850,CANADA
CANADAIR,CRJ9,Challenger 890,Bombardier Challenger 850,CANADA
CANADAIR,CAT,CL-1,Bombardier Challenger 850,CANADA
CANADAIR,F86,CL-13,Bombardier Challenger 850,CANADA
CANADAIR,T33,CL-30,Bombardier Challenger 850,CANADA
CANADAIR,CL41,CL-41,Bombardier Challenger 850,CANADA
CANADAIR,CL4G,CL-44-O,Bombardier Challenger 850,CANADA
CANADAIR,CVLT,CL-66,Bombardier Challenger 850,CANADA
CANADAIR,F104,CL-90,Bombardier Challenger 850,CANADA
CANADAIR,F104,CL-201,Bombardier Challenger 850,CANADA
CANADAIR,CL2P,CL-215,Bombardier Challenger 850,CANADA
CANADAIR,CL2T,CL-215T,Bombardier Challenger 850,CANADA
CANADAIR,F5,CL-219,Bombardier Challenger 850,CANADA
CANADAIR,F5,CL-226,Bombardier Challenger 850,CANADA
CANADAIR,CL2T,CL-415,Bombardier Challenger 850,CANADA
CANADAIR,CL2T,CL-415,Bombardier Challenger 850,CANADA
CANADAIR,CL60,CL-600,Bombardier Challenger 850,CANADA
CANADAIR,CL60,CL-600,Bombardier Challenger 850,CANADA
CANADAIR,CL60,CL-600,Bombardier Challenger 850,CANADA
CANADAIR,CL60,CL-600 Challenger 605,Bombardier Challenger 850,CANADA
CANADAIR,CRJ2,CL-600,Bombardier Challenger 850,CANADA
CANADAIR,CRJ2,CL-600 Challenger 850,Bombardier Challenger 850,CANADA
CANADAIR,CRJ7,CL-600 Challenger 870,Bombardier Challenger 850,CANADA
CANADAIR,CRJ9,CL-600 Challenger 890,Bombardier Challenger 850,CANADA
CANADAIR,CRJ2,CL-600,Bombardier Challenger 850,CANADA
CANADAIR,CRJ1,CL-600,Bombardier Challenger 850,CANADA
CANADAIR,CRJ2,CL-600,Bombardier Challenger 850,CANADA
CANADAIR,CRJ2,CL-600,Bombardier Challenger 850,CANADA
CANADAIR,CRJ7,CL-600,Bombardier Challenger 850,CANADA
CANADAIR,CRJ7,CL-600,Bombardier Challenger 850,CANADA
CANADAIR,CRJ9,CL-600,Bombardier Challenger 850,CANADA
CANADAIR,CRJ9,CL-600,Bombardier Challenger 850,CANADA
CANADAIR,CRJ1,CL-600,Bombardier Challenger 850,CANADA
CANADAIR,CRJ2,CL-600,Bombardier Challenger 850,CANADA
CANADAIR,CRJ2,CL-600,Bombardier Challenger 850,CANADA
CANADAIR,CRJ2,,Bombardier Challenger 850,CANADA
CANADAIR,CVLT,,Bombardier Challenger 850,CANADA
CANADAIR,CL41,CT-114,Bombardier Challenger 850,CANADA
CANADAIR,T33,CT-133,Bombardier Challenger 850,CANADA
CANADAIR,CVLT,CV-580,Bombardier Challenger 850,CANADA
CANADAIR,F104,F-104,Bombardier Challenger 850,CANADA
CANADAIR,CL4G,,Bombardier Challenger 850,CANADA
CANADAIR,F5,NF-5,Bombardier Challenger 850,CANADA
CANADAIR,CAT,OA-10,Bombardier Challenger 850,CANADA
CANADAIR,CRJ1,,Bombardier Challenger 850,CANADA
CANADAIR,CRJ2,,Bombardier Challenger 850,CANADA
CANADAIR,CRJ2,,Bombardier Challenger 850,CANADA
CANADAIR,CRJ7,,Bombardier Challenger 850,CANADA
CANADAIR,CRJ7,,Bombardier Challenger 850,CANADA
CANADAIR,CRJ9,,Bombardier Challenger 850,CANADA
CANADAIR,CRJ9,,Bombardier Challenger 850,CANADA
CANADAIR,CRJ1,,Bombardier Challenger 850,CANADA
CANADAIR,CRJ2,,Bombardier Challenger 850,CANADA
CANADAIR,F86,,Bombardier Challenger 850,CANADA
CANADAIR,T33,,Bombardier Challenger 850,CANADA
CANADAIR,CRJ2,,Bombardier Challenger 850,CANADA
CANADAIR,F104,,Bombardier Challenger 850,CANADA
CANADAIR,CL2T,,Bombardier Challenger 850,CANADA
CANADAIR,T33,T-33,Bombardier Challenger 850,CANADA
CANADAIR,CL41,,Bombardier Challenger 850,CANADA
DE HAVILLAND CANADA,DHC2,,,CANADA
DE HAVILLAND CANADA,DHC5,,,CANADA
DE HAVILLAND CANADA,DHC4,C-7,,CANADA
DE HAVILLAND CANADA,DHC5,C-8,,CANADA
DE HAVILLAND CANADA,DHC5,C-115,,CANADA
DE HAVILLAND CANADA,DHC4,,,CANADA
DE HAVILLAND CANADA,DHC5,CC-115,,CANADA
DE HAVILLAND CANADA,DHC6,CC-138,,CANADA
DE HAVILLAND CANADA,DHC1,,,CANADA
DE HAVILLAND CANADA,S2P,CS2F,,CANADA
DE HAVILLAND CANADA,DH8A,CT-142,,CANADA
DE HAVILLAND CANADA,DHC4,CV-2,,CANADA
DE HAVILLAND CANADA,DHC5,CV-7,,CANADA
DE HAVILLAND CANADA,DHC7,,,CANADA
DE HAVILLAND CANADA,DH8A,,,CANADA
DE HAVILLAND CANADA,DH8B,,,CANADA
DE HAVILLAND CANADA,DH8C,,,CANADA
DE HAVILLAND CANADA,DH8D,,,CANADA
DE HAVILLAND CANADA,DH82,DH-82,,CANADA
DE HAVILLAND CANADA,DHC1,DHC-1,,CANADA
DE HAVILLAND CANADA,DHC2,DHC-2 Mk1,,CANADA
DE HAVILLAND CANADA,DH2T,DHC-2 Mk3,,CANADA
DE HAVILLAND CANADA,DHC3,DHC-3,,CANADA
DE HAVILLAND CANADA,DH3T,DHC-3,,CANADA
DE HAVILLAND CANADA,DHC4,DHC-4,,CANADA
DE HAVILLAND CANADA,DHC5,DHC-5,,CANADA
DE HAVILLAND CANADA,DHC6,DHC-6,,CANADA
DE HAVILLAND CANADA,DHC7,DHC-7,,CANADA
DE HAVILLAND CANADA,DH8A,DHC-8-100,,CANADA
DE HAVILLAND CANADA,DH8B,DHC-8-200,,CANADA
DE HAVILLAND CANADA,DH8C,DHC-8-300,,CANADA
DE HAVILLAND CANADA,DH8D,DHC-8-400,,CANADA
DE HAVILLAND CANADA,DH8A,E-9,,CANADA
DE HAVILLAND CANADA,DHC7,EO-5,,CANADA
DE HAVILLAND CANADA,DHC2,L-20,,CANADA
DE HAVILLAND CANADA,DHC3,NU-1,,CANADA
DE HAVILLAND CANADA,DHC7,O-5,,CANADA
DE HAVILLAND CANADA,DHC3,,,CANADA
DE HAVILLAND CANADA,DHC7,RC-7,,CANADA
DE HAVILLAND CANADA,S2P,S-2,,CANADA
DE HAVILLAND CANADA,DH82,,,CANADA
DE HAVILLAND CANADA,S2P,,,CANADA
DE HAVILLAND CANADA,DH2T,,,CANADA
DE HAVILLAND CANADA,DH3T,,,CANADA
DE HAVILLAND CANADA,DHC6,,,CANADA
DE HAVILLAND CANADA,DHC3,U-1,,CANADA
DE HAVILLAND CANADA,DHC2,U-6,,CANADA
DE HAVILLAND CANADA,DHC3,UC,,CANADA
DE HAVILLAND CANADA,DHC6,UV-18,,CANADA
DE HAVILLAND CANADA,DH4T,DHC-4,,CANADA
DE HAVILLAND CANADA,DH4T,,,CANADA
DE HAVILLAND CANADA,DH8B,P-9,,CANADA
DE HAVILLAND CANADA,DH8C,C-147,,CANADA
DE HAVILLAND CANADA,DH8C,RO-6,,CANADA
DE HAVILLAND,DHC1,,,ROYAUME-UNI
DE HAVILLAND,DH88,,,ROYAUME-UNI
DE HAVILLAND,DOVE,,,ROYAUME-UNI
DE HAVILLAND,DH60,DH-60,,ROYAUME-UNI
DE HAVILLAND,DH60,DH-60,,ROYAUME-UNI
DE HAVILLAND,DH80,DH-80,,ROYAUME-UNI
DE HAVILLAND,DH82,DH-82,,ROYAUME-UNI
DE HAVILLAND,DH82,DH-82,,ROYAUME-UNI
DE HAVILLAND,DH83,DH-83,,ROYAUME-UNI
DE HAVILLAND,DH85,DH-85,,ROYAUME-UNI
DE HAVILLAND,DH87,DH-87,,ROYAUME-UNI
DE HAVILLAND,DH88,DH-88,,ROYAUME-UNI
DE HAVILLAND,DH89,DH-89,,ROYAUME-UNI
DE HAVILLAND,DH90,DH-90,,ROYAUME-UNI
DE HAVILLAND,DH94,DH-94,,ROYAUME-UNI
DE HAVILLAND,MOSQ,DH-98,,ROYAUME-UNI
DE HAVILLAND,VAMP,DH-100,,ROYAUME-UNI
DE HAVILLAND,DOVE,DH-104,,ROYAUME-UNI
DE HAVILLAND,VNOM,DH-112,,ROYAUME-UNI
DE HAVILLAND,HERN,DH-114,,ROYAUME-UNI
DE HAVILLAND,VAMP,DH-115,,ROYAUME-UNI
DE HAVILLAND,DHC1,DHC-1,,ROYAUME-UNI
DE HAVILLAND,DOVE,,,ROYAUME-UNI
DE HAVILLAND,DH89,,,ROYAUME-UNI
DE HAVILLAND,DH90,,,ROYAUME-UNI
DE HAVILLAND,DH83,,,ROYAUME-UNI
DE HAVILLAND,HERN,,,ROYAUME-UNI
DE HAVILLAND,DH87,,,ROYAUME-UNI
DE HAVILLAND,DH85,,,ROYAUME-UNI
DE HAVILLAND,MOSQ,,,ROYAUME-UNI
DE HAVILLAND,DH60,,,ROYAUME-UNI
DE HAVILLAND,DH60,,,ROYAUME-UNI
DE HAVILLAND,DH94,,,ROYAUME-UNI
DE HAVILLAND,DH80,,,ROYAUME-UNI
DE HAVILLAND,DH82,,,ROYAUME-UNI
DE HAVILLAND,DOVE,,,ROYAUME-UNI
DE HAVILLAND,DH82,,,ROYAUME-UNI
DE HAVILLAND,VAMP,,,ROYAUME-UNI
DE HAVILLAND,VNOM,,,ROYAUME-UNI
DE HAVILLAND,DH84,DH-84,,ROYAUME-UNI
DE HAVILLAND,DH84,,,ROYAUME-UNI
DE HAVILLAND,DOVE,DH-104 Devon,,ROYAUME-UNI
DE HAVILLAND,DOVE,DH-104 Sea Devon,,ROYAUME-UNI
LOCKHEED MARTIN,C130,C-130H,Lockheed Martin Polecat,ÉTATS-UNIS
LOCKHEED MARTIN,F16,,Lockheed Martin Polecat,ÉTATS-UNIS
LOCKHEED MARTIN,F16,F-16 ,Lockheed Martin Polecat,ÉTATS-UNIS
LOCKHEED MARTIN,F16,F-16,Lockheed Martin Polecat,ÉTATS-UNIS
LOCKHEED MARTIN,F16,F-16,Lockheed Martin Polecat,ÉTATS-UNIS
LOCKHEED MARTIN,F22,F-22,Lockheed Martin Polecat,ÉTATS-UNIS
LOCKHEED MARTIN,F16,,Lockheed Martin Polecat,ÉTATS-UNIS
LOCKHEED MARTIN,P3,L-285,Lockheed Martin Polecat,ÉTATS-UNIS
LOCKHEED MARTIN,F22,L-645,Lockheed Martin Polecat,ÉTATS-UNIS
LOCKHEED MARTIN,C130,LC-130,Lockheed Martin Polecat,ÉTATS-UNIS
LOCKHEED MARTIN,P3,,Lockheed Martin Polecat,ÉTATS-UNIS
LOCKHEED MARTIN,P3,P-3,Lockheed Martin Polecat,ÉTATS-UNIS
LOCKHEED MARTIN,F22,,Lockheed Martin Polecat,ÉTATS-UNIS
LOCKHEED MARTIN,F16,,Lockheed Martin Polecat,ÉTATS-UNIS
LOCKHEED MARTIN,F35,F-35A,Lockheed Martin Polecat,ÉTATS-UNIS
LOCKHEED MARTIN,VF35,F-35B,Lockheed Martin Polecat,ÉTATS-UNIS
LOCKHEED MARTIN,F35,F-35C,Lockheed Martin Polecat,ÉTATS-UNIS
LOCKHEED MARTIN,F35,,Lockheed Martin Polecat,ÉTATS-UNIS
LOCKHEED MARTIN,VF35,,Lockheed Martin Polecat,ÉTATS-UNIS
LOCKHEED MARTIN,C130,382C,Lockheed Martin Polecat,ÉTATS-UNIS
LOCKHEED MARTIN,C130,,Lockheed Martin Polecat,ÉTATS-UNIS
LOCKHEED MARTIN,C30J,382J,Lockheed Martin Polecat,ÉTATS-UNIS
LOCKHEED MARTIN,C30J,382U,Lockheed Martin Polecat,ÉTATS-UNIS
LOCKHEED MARTIN,C30J,382V,Lockheed Martin Polecat,ÉTATS-UNIS
LOCKHEED MARTIN,C30J,C-130J,Lockheed Martin Polecat,ÉTATS-UNIS
LOCKHEED MARTIN,C30J,CC-130J,Lockheed Martin Polecat,ÉTATS-UNIS
LOCKHEED MARTIN,C30J,EC-130J,Lockheed Martin Polecat,ÉTATS-UNIS
LOCKHEED MARTIN,C30J,HC-130J,Lockheed Martin Polecat,ÉTATS-UNIS
LOCKHEED MARTIN,C30J,KC-130J,Lockheed Martin Polecat,ÉTATS-UNIS
LOCKHEED MARTIN,C30J,MC-130J,Lockheed Martin Polecat,ÉTATS-UNIS
LOCKHEED MARTIN,C30J,WC-130J,Lockheed Martin Polecat,ÉTATS-UNIS
LOCKHEED MARTIN,C30J,LM-100J,Lockheed Martin Polecat,ÉTATS-UNIS
LOCKHEED MARTIN,C30J,,Lockheed Martin Polecat,ÉTATS-UNIS
LOCKHEED MARTIN,X59,X-59 QueSST,Lockheed Martin Polecat,ÉTATS-UNIS
LOCKHEED MARTIN,X59,,Lockheed Martin Polecat,ÉTATS-UNIS
LOCKHEED MARTIN,C30J,AC-130J Ghostrider,Lockheed Martin Polecat,ÉTATS-UNIS
LOCKHEED MARTIN,C30J,,Lockheed Martin Polecat,ÉTATS-UNIS
LOCKHEED,C5M,Super Galaxy,Lockheed XFV,ÉTATS-UNIS
LOCKHEED,P3,AP-3,Lockheed XFV,ÉTATS-UNIS
LOCKHEED,P3,,Lockheed XFV,ÉTATS-UNIS
LOCKHEED,T33,AT-33,Lockheed XFV,ÉTATS-UNIS
LOCKHEED,P3,,Lockheed XFV,ÉTATS-UNIS
LOCKHEED,C130,,Lockheed XFV,ÉTATS-UNIS
LOCKHEED,L37,B-34,Lockheed XFV,ÉTATS-UNIS
LOCKHEED,L12,C-40,Lockheed XFV,ÉTATS-UNIS
LOCKHEED,L18,C-56,Lockheed XFV,ÉTATS-UNIS
LOCKHEED,L18,C-57,Lockheed XFV,ÉTATS-UNIS
LOCKHEED,L18,C-59,Lockheed XFV,ÉTATS-UNIS
LOCKHEED,L18,C-60,Lockheed XFV,ÉTATS-UNIS
LOCKHEED,CONI,C-121,Lockheed XFV,ÉTATS-UNIS
LOCKHEED,C130,C-130,Lockheed XFV,ÉTATS-UNIS
LOCKHEED,C130,C-130A,Lockheed XFV,ÉTATS-UNIS
LOCKHEED,C130,C-130B,Lockheed XFV,ÉTATS-UNIS
LOCKHEED,C130,C-130E,Lockheed XFV,ÉTATS-UNIS
LOCKHEED,C130,C-130F,Lockheed XFV,ÉTATS-UNIS
LOCKHEED,C130,C-130H,Lockheed XFV,ÉTATS-UNIS
LOCKHEED,C130,C-130K,Lockheed XFV,ÉTATS-UNIS
LOCKHEED,C130,CC-130,Lockheed XFV,ÉTATS-UNIS
LOCKHEED,CONI,,Lockheed XFV,ÉTATS-UNIS
LOCKHEED,P3,CP-140,Lockheed XFV,ÉTATS-UNIS
LOCKHEED,P3,CP-140,Lockheed XFV,ÉTATS-UNIS
LOCKHEED,C130,DC-130,Lockheed XFV,ÉTATS-UNIS
LOCKHEED,C130,EC-130,Lockheed XFV,ÉTATS-UNIS
LOCKHEED,C130,EC-130,Lockheed XFV,ÉTATS-UNIS
LOCKHEED,C130,EC-130E,Lockheed XFV,ÉTATS-UNIS
LOCKHEED,C130,EC-130G,Lockheed XFV,ÉTATS-UNIS
LOCKHEED,C130,EC-130H,Lockheed XFV,ÉTATS-UNIS
LOCKHEED,C130,EC-130Q,Lockheed XFV,ÉTATS-UNIS
LOCKHEED,L10,,Lockheed XFV,ÉTATS-UNIS
LOCKHEED,L188,,Lockheed XFV,ÉTATS-UNIS
LOCKHEED,L12,,Lockheed XFV,ÉTATS-UNIS
LOCKHEED,P3,EP-3,Lockheed XFV,ÉTATS-UNIS
LOCKHEED,U2,ER-2,Lockheed XFV,ÉTATS-UNIS
LOCKHEED,P38,F-5,Lockheed XFV,ÉTATS-UNIS
LOCKHEED,F16,F-16,Lockheed XFV,ÉTATS-UNIS
LOCKHEED,F104,F-104,Lockheed XFV,ÉTATS-UNIS
LOCKHEED,F16,,Lockheed XFV,ÉTATS-UNIS
LOCKHEED,L37,,Lockheed XFV,ÉTATS-UNIS
LOCKHEED,C130,HC-130,Lockheed XFV,ÉTATS-UNIS
LOCKHEED,C130,,Lockheed XFV,ÉTATS-UNIS
LOCKHEED,L14,,Lockheed XFV,ÉTATS-UNIS
LOCKHEED,C130,JC-130,Lockheed XFV,ÉTATS-UNIS
LOCKHEED,L29B,,Lockheed XFV,ÉTATS-UNIS
LOCKHEED,L29A,,Lockheed XFV,ÉTATS-UNIS
LOCKHEED,L29A,,Lockheed XFV,ÉTATS-UNIS
LOCKHEED,L29B,,Lockheed XFV,ÉTATS-UNIS
LOCKHEED,L12,JO,Lockheed XFV,ÉTATS-UNIS
LOCKHEED,C130,,Lockheed XFV,ÉTATS-UNIS
LOCKHEED,C130,KC-130,Lockheed XFV,ÉTATS-UNIS
LOCKHEED,C130,KC-130B,Lockheed XFV,ÉTATS-UNIS
LOCKHEED,C130,KC-130F,Lockheed XFV,ÉTATS-UNIS
LOCKHEED,C130,KC-130H,Lockheed XFV,ÉTATS-UNIS
LOCKHEED,C130,KC-130R,Lockheed XFV,ÉTATS-UNIS
LOCKHEED,C130,KC-130T,Lockheed XFV,ÉTATS-UNIS
LOCKHEED,L10,L-10,Lockheed XFV,ÉTATS-UNIS
LOCKHEED,L12,L-12,Lockheed XFV,ÉTATS-UNIS
LOCKHEED,L14,L-14,Lockheed XFV,ÉTATS-UNIS
LOCKHEED,L14,L-14,Lockheed XFV,ÉTATS-UNIS
LOCKHEED,L37,L-15,Lockheed XFV,ÉTATS-UNIS
LOCKHEED,L18,L-18,Lockheed XFV,ÉTATS-UNIS
LOCKHEED,C130,L-100,Lockheed XFV,ÉTATS-UNIS
LOCKHEED,L37,L-137,Lockheed XFV,ÉTATS-UNIS
LOCKHEED,P3,L-185,Lockheed XFV,ÉTATS-UNIS
LOCKHEED,L188,L-188,Lockheed XFV,ÉTATS-UNIS
LOCKHEED,P38,L-222,Lockheed XFV,ÉTATS-UNIS
LOCKHEED,L37,L-237,Lockheed XFV,ÉTATS-UNIS
LOCKHEED,P3,L-285,Lockheed XFV,ÉTATS-UNIS
LOCKHEED,P38,L-322,Lockheed XFV,ÉTATS-UNIS
LOCKHEED,S3,L-394,Lockheed XFV,ÉTATS-UNIS
LOCKHEED,P38,L-422,Lockheed XFV,ÉTATS-UNIS
LOCKHEED,P2,L-426,Lockheed XFV,ÉTATS-UNIS
LOCKHEED,T33,L-580,Lockheed XFV,ÉTATS-UNIS
LOCKHEED,T33,L-580,Lockheed XFV,ÉTATS-UNIS
LOCKHEED,F104,L-583,Lockheed XFV,ÉTATS-UNIS
LOCKHEED,F104,L-683,Lockheed XFV,ÉTATS-UNIS
LOCKHEED,P3,L-685,Lockheed XFV,ÉTATS-UNIS
LOCKHEED,P2,L-726,Lockheed XFV,ÉTATS-UNIS
LOCKHEED,P3,L-785,Lockheed XFV,ÉTATS-UNIS
LOCKHEED,P2,L-826,Lockheed XFV,ÉTATS-UNIS
LOCKHEED,L101,L-1011,Lockheed XFV,ÉTATS-UNIS
LOCKHEED,L29B,L-1329,Lockheed XFV,ÉTATS-UNIS
LOCKHEED,L29A,L-1329,Lockheed XFV,ÉTATS-UNIS
LOCKHEED,L29A,L-1329,Lockheed XFV,ÉTATS-UNIS
LOCKHEED,L29B,L-1329,Lockheed XFV,ÉTATS-UNIS
LOCKHEED,LA60,LASA-60,Lockheed XFV,ÉTATS-UNIS
LOCKHEED,C130,LC-130,Lockheed XFV,ÉTATS-UNIS
LOCKHEED,P38,,Lockheed XFV,ÉTATS-UNIS
LOCKHEED,L18,,Lockheed XFV,ÉTATS-UNIS
LOCKHEED,C130,MC-130,Lockheed XFV,ÉTATS-UNIS
LOCKHEED,C130,NC-130,Lockheed XFV,ÉTATS-UNIS
LOCKHEED,P2,,Lockheed XFV,ÉTATS-UNIS
LOCKHEED,P3,NP-3,Lockheed XFV,ÉTATS-UNIS
LOCKHEED,T33,NT-33,Lockheed XFV,ÉTATS-UNIS
LOCKHEED,P3,,Lockheed XFV,ÉTATS-UNIS
LOCKHEED,P2,P-2,Lockheed XFV,ÉTATS-UNIS
LOCKHEED,P2,P2V,Lockheed XFV,ÉTATS-UNIS
LOCKHEED,P3,P-3,Lockheed XFV,ÉTATS-UNIS
LOCKHEED,P38,P-38,Lockheed XFV,ÉTATS-UNIS
LOCKHEED,L37,PV-1,Lockheed XFV,ÉTATS-UNIS
LOCKHEED,L37,PV-2,Lockheed XFV,ÉTATS-UNIS
LOCKHEED,L18,R5O,Lockheed XFV,ÉTATS-UNIS
LOCKHEED,C130,RC-130,Lockheed XFV,ÉTATS-UNIS
LOCKHEED,F104,RF-104,Lockheed XFV,ÉTATS-UNIS
LOCKHEED,P3,RP-3,Lockheed XFV,ÉTATS-UNIS
LOCKHEED,T33,RT-33,Lockheed XFV,ÉTATS-UNIS
LOCKHEED,S3,S-3,Lockheed XFV,ÉTATS-UNIS
LOCKHEED,C130,,Lockheed XFV,ÉTATS-UNIS
LOCKHEED,T33,,Lockheed XFV,ÉTATS-UNIS
LOCKHEED,P2,SP-2,Lockheed XFV,ÉTATS-UNIS
LOCKHEED,F104,,Lockheed XFV,ÉTATS-UNIS
LOCKHEED,L14,,Lockheed XFV,ÉTATS-UNIS
LOCKHEED,T33,T-33,Lockheed XFV,ÉTATS-UNIS
LOCKHEED,T33,T-33,Lockheed XFV,ÉTATS-UNIS
LOCKHEED,T33,,Lockheed XFV,ÉTATS-UNIS
LOCKHEED,C130,TC-130,Lockheed XFV,ÉTATS-UNIS
LOCKHEED,F104,TF-104,Lockheed XFV,ÉTATS-UNIS
LOCKHEED,P3,TP-3,Lockheed XFV,ÉTATS-UNIS
LOCKHEED,C130,Tp84,Lockheed XFV,ÉTATS-UNIS
LOCKHEED,L101,,Lockheed XFV,ÉTATS-UNIS
LOCKHEED,U2,U-2,Lockheed XFV,ÉTATS-UNIS
LOCKHEED,P3,UP-3,Lockheed XFV,ÉTATS-UNIS
LOCKHEED,CONI,VC-121,Lockheed XFV,ÉTATS-UNIS
LOCKHEED,C130,VC-130,Lockheed XFV,ÉTATS-UNIS
LOCKHEED,L37,,Lockheed XFV,ÉTATS-UNIS
LOCKHEED,S3,,Lockheed XFV,ÉTATS-UNIS
LOCKHEED,P3,VP-3,Lockheed XFV,ÉTATS-UNIS
LOCKHEED,CONI,,Lockheed XFV,ÉTATS-UNIS
LOCKHEED,C130,WC-130E,Lockheed XFV,ÉTATS-UNIS
LOCKHEED,C130,WC-130H,Lockheed XFV,ÉTATS-UNIS
LOCKHEED,P3,WP-3,Lockheed XFV,ÉTATS-UNIS
LOCKHEED,CONI,WV,Lockheed XFV,ÉTATS-UNIS
LOCKHEED,L10,XR2O,Lockheed XFV,ÉTATS-UNIS
LOCKHEED,L18,XR5O,Lockheed XFV,ÉTATS-UNIS
LOCKHEED,O3,YO-3,Lockheed XFV,ÉTATS-UNIS
LOCKHEED,C5M,C-5,Lockheed XFV,ÉTATS-UNIS
LOCKHEED,C130,182,Lockheed XFV,ÉTATS-UNIS
LOCKHEED,C130,282,Lockheed XFV,ÉTATS-UNIS
LOCKHEED,C130,382,Lockheed XFV,ÉTATS-UNIS
LOCKHEED,F117,F-117 Night Hawk,Lockheed XFV,ÉTATS-UNIS
LOCKHEED,F117,,Lockheed XFV,ÉTATS-UNIS
LOCKHEED,L37,,Lockheed XFV,ÉTATS-UNIS
ATR,AT46,ATR-42-600,,ITALIE  
ATR,AT72,ATR-72-201,,ITALIE  
ATR,AT72,ATR-72-202,,ITALIE  
ATR,AT73,ATR-72-211,,ITALIE  
ATR,AT75,ATR-72-500,,ITALIE  
ATR,AT76,ATR-72-600,,ITALIE  
ATR,AT43,ATR-42-300,,ITALIE  
ATR,AT43,ATR-42-320,,ITALIE  
ATR,AT44,ATR-42-400,,ITALIE  
ATR,AT44,ATR-42-400,,ITALIE  
ATR,AT45,ATR-42-500,,ITALIE  
ATR,AT45,ATR-42-500,,ITALIE  
ATR,AT44,,,ITALIE  
ATR,AT45,,,ITALIE  
ATR,AT73,ATR-72-212,,ITALIE  
ATR,AT75,ATR-72-212A (500),,ITALIE  
ATR,AT76,ATR-72-212A (600),,ITALIE  
ATR,AT76,ATR P-72,,ITALIE  
MOONEY,M20P,,,ÉTATS-UNIS  
MOONEY,M20P,,,ÉTATS-UNIS  
MOONEY,M20T,,,ÉTATS-UNIS  
MOONEY,M20T,,,ÉTATS-UNIS  
MOONEY,ERCO,A-2,,ÉTATS-UNIS  
MOONEY,ERCO,,,ÉTATS-UNIS  
MOONEY,M20P,,,ÉTATS-UNIS  
MOONEY,M20P,,,ÉTATS-UNIS  
MOONEY,M20T,,,ÉTATS-UNIS  
MOONEY,M10,,,ÉTATS-UNIS  
MOONEY,M20P,,,ÉTATS-UNIS  
MOONEY,M20P,,,ÉTATS-UNIS  
MOONEY,M20T,,,ÉTATS-UNIS  
MOONEY,M20P,,,ÉTATS-UNIS  
MOONEY,M10,M-10,,ÉTATS-UNIS  
MOONEY,MITE,M-18,,ÉTATS-UNIS  
MOONEY,MITE,M-18,,ÉTATS-UNIS  
MOONEY,M20P,M-20,,ÉTATS-UNIS  
MOONEY,M20P,M-20A,,ÉTATS-UNIS  
MOONEY,M20P,M-20B,,ÉTATS-UNIS  
MOONEY,M20P,M-20C,,ÉTATS-UNIS  
MOONEY,M20P,M-20C,,ÉTATS-UNIS  
MOONEY,M20P,M-20D,,ÉTATS-UNIS  
MOONEY,M20P,M-20E,,ÉTATS-UNIS  
MOONEY,M20P,M-20E,,ÉTATS-UNIS  
MOONEY,M20P,M-20F,,ÉTATS-UNIS  
MOONEY,M20P,M-20G,,ÉTATS-UNIS  
MOONEY,M20P,M-20J,,ÉTATS-UNIS  
MOONEY,M20P,M-20J,,ÉTATS-UNIS  
MOONEY,M20P,M-20J,,ÉTATS-UNIS  
MOONEY,M20P,M-20J,,ÉTATS-UNIS  
MOONEY,M20P,M-20J,,ÉTATS-UNIS  
MOONEY,M20T,M-20K,,ÉTATS-UNIS  
MOONEY,M20T,M-20K,,ÉTATS-UNIS  
MOONEY,M20T,M-20K,,ÉTATS-UNIS  
MOONEY,M20P,M-20L,,ÉTATS-UNIS  
MOONEY,M20T,M-20M,,ÉTATS-UNIS  
MOONEY,M20T,M-20M,,ÉTATS-UNIS  
MOONEY,M20P,M-20R,,ÉTATS-UNIS  
MOONEY,M20P,M-20S,,ÉTATS-UNIS  
MOONEY,M22,M-22,,ÉTATS-UNIS  
MOONEY,M22,M-22,,ÉTATS-UNIS  
MOONEY,M20P,,,ÉTATS-UNIS  
MOONEY,M20P,,,ÉTATS-UNIS  
MOONEY,MITE,,,ÉTATS-UNIS  
MOONEY,M20P,,,ÉTATS-UNIS  
MOONEY,M22,,,ÉTATS-UNIS  
MOONEY,M20P,,,ÉTATS-UNIS  
MOONEY,M20P,,,ÉTATS-UNIS  
MOONEY,M20P,,,ÉTATS-UNIS  
MOONEY,M20P,,,ÉTATS-UNIS  
MOONEY,M20P,,,ÉTATS-UNIS  
MOONEY,M20T,,,ÉTATS-UNIS  
MOONEY,MITE,,,ÉTATS-UNIS  
MOONEY,M20T,M-20TN Acclaim,,ÉTATS-UNIS  
MOONEY,M20T,Acclaim,,ÉTATS-UNIS  
MOONEY,M20P,M-20U Ovation Ultra,,ÉTATS-UNIS  
MOONEY,M20P,Ovation Ultra,,ÉTATS-UNIS  
MOONEY,M20P,M-20R Ovation 2,,ÉTATS-UNIS  
MOONEY,M20P,Ovation 2,,ÉTATS-UNIS  
MOONEY,M20P,M-20R Ovation 3,,ÉTATS-UNIS  
MOONEY,M20P,Ovation 3,,ÉTATS-UNIS  
MOONEY,M20T,M-20V Acclaim Ultra,,ÉTATS-UNIS  
MOONEY,M20T,Acclaim Ultra,,ÉTATS-UNIS  
MOONEY,M20T,M-20TN Acclaim Type S,,ÉTATS-UNIS  
MOONEY,M20T,Acclaim Type S,,ÉTATS-UNIS  
PIPER,P28R,PA-28R-201,, ÉTATS-UNIS
PIPER,P28R,,,, ÉTATS-UNIS
PIPER,PA46,PA-46R-350T,, ÉTATS-UNIS
PIPER,PA46,,,, ÉTATS-UNIS
PIPER,P28U,PA-28RT-201T Turbo Arrow 4,, ÉTATS-UNIS
PIPER,P28U,Turbo Arrow 4,, ÉTATS-UNIS
PIPER,P28S,PA-28R-201T Turbo Arrow 3,, ÉTATS-UNIS
PIPER,P28S,PA-28R-201T Turbo Arrow,, ÉTATS-UNIS
PIPER,P28S,Turbo Cherokee Arrow 3,, ÉTATS-UNIS
PIPER,P28S,Turbo Arrow 3,, ÉTATS-UNIS
PIPER,P28S,Turbo Arrow,, ÉTATS-UNIS
PIPER,P28A,PA-28-181 Archer TX,, ÉTATS-UNIS
PIPER,P28A,Archer TX,, ÉTATS-UNIS
PIPER,PA32,6X,, ÉTATS-UNIS
PIPER,PA32,6XT,, ÉTATS-UNIS
PIPER,S108,108,, ÉTATS-UNIS
PIPER,S108,108,, ÉTATS-UNIS
PIPER,J5,AE,, ÉTATS-UNIS
PIPER,AEST,,,, ÉTATS-UNIS
PIPER,PA23,,,, ÉTATS-UNIS
PIPER,P28A,,,, ÉTATS-UNIS
PIPER,P28A,,,, ÉTATS-UNIS
PIPER,P28R,,,, ÉTATS-UNIS
PIPER,P28T,,,, ÉTATS-UNIS
PIPER,PA27,,,, ÉTATS-UNIS
PIPER,P28A,,,, ÉTATS-UNIS
PIPER,PA22,,,, ÉTATS-UNIS
PIPER,P28A,,,, ÉTATS-UNIS
PIPER,P28A,,,, ÉTATS-UNIS
PIPER,P28B,,,, ÉTATS-UNIS
PIPER,P28A,,,, ÉTATS-UNIS
PIPER,P28A,,,, ÉTATS-UNIS
PIPER,P28R,,,, ÉTATS-UNIS
PIPER,P28R,,,, ÉTATS-UNIS
PIPER,P28R,,,, ÉTATS-UNIS
PIPER,P28A,,,, ÉTATS-UNIS
PIPER,P28B,,,, ÉTATS-UNIS
PIPER,P28A,,,, ÉTATS-UNIS
PIPER,P28A,,,, ÉTATS-UNIS
PIPER,P28A,,,, ÉTATS-UNIS
PIPER,P32R,,,, ÉTATS-UNIS
PIPER,P28B,,,, ÉTATS-UNIS
PIPER,PA32,,,, ÉTATS-UNIS
PIPER,P28A,,,, ÉTATS-UNIS
PIPER,P28A,,,, ÉTATS-UNIS
PIPER,PAY2,,,, ÉTATS-UNIS
PIPER,PAY1,,,, ÉTATS-UNIS
PIPER,PAY2,,,, ÉTATS-UNIS
PIPER,PAY2,,,, ÉTATS-UNIS
PIPER,PAY3,,,, ÉTATS-UNIS
PIPER,PAY4,,,, ÉTATS-UNIS
PIPER,PA31,,,, ÉTATS-UNIS
PIPER,PA16,,,, ÉTATS-UNIS
PIPER,PA22,,,, ÉTATS-UNIS
PIPER,PA24,,,, ÉTATS-UNIS
PIPER,J2,,,, ÉTATS-UNIS
PIPER,J3,,,, ÉTATS-UNIS
PIPER,J4,,,, ÉTATS-UNIS
PIPER,J5,,,, ÉTATS-UNIS
PIPER,PA11,,,, ÉTATS-UNIS
PIPER,P28B,,,, ÉTATS-UNIS
PIPER,PA14,,,, ÉTATS-UNIS
PIPER,J2,J-2,,,, ÉTATS-UNIS
PIPER,J3,J-3,,,, ÉTATS-UNIS
PIPER,J4,J-4,,,, ÉTATS-UNIS
PIPER,J5,J-5,,,, ÉTATS-UNIS
PIPER,J3,L-4,,,, ÉTATS-UNIS
PIPER,J5,L-14,,,, ÉTATS-UNIS
PIPER,PA11,L-18B,,,, ÉTATS-UNIS
PIPER,PA18,L-18C,,,, ÉTATS-UNIS
PIPER,PA18,L-21,,,, ÉTATS-UNIS
PIPER,P32R,,,, ÉTATS-UNIS
PIPER,P32T,,,, ÉTATS-UNIS
PIPER,PA46,,,, ÉTATS-UNIS
PIPER,P46T,,,, ÉTATS-UNIS
PIPER,PA46,,,, ÉTATS-UNIS
PIPER,PA31,,,, ÉTATS-UNIS
PIPER,PA31,,,, ÉTATS-UNIS
PIPER,PA31,,,, ÉTATS-UNIS
PIPER,PA31,,,, ÉTATS-UNIS
PIPER,J3,NE,,,, ÉTATS-UNIS
PIPER,PA11,PA-11,,,, ÉTATS-UNIS
PIPER,PA12,PA-12,,,, ÉTATS-UNIS
PIPER,PA14,PA-14,,,, ÉTATS-UNIS
PIPER,PA15,PA-15,,,, ÉTATS-UNIS
PIPER,PA16,PA-16,,,, ÉTATS-UNIS
PIPER,PA17,PA-17,,,, ÉTATS-UNIS
PIPER,PA17,PA-17,,,, ÉTATS-UNIS
PIPER,PA18,PA-18,,,, ÉTATS-UNIS
PIPER,PA20,PA-20,,,, ÉTATS-UNIS
PIPER,PA22,PA-22,,,, ÉTATS-UNIS
PIPER,PA22,PA-22,,,, ÉTATS-UNIS
PIPER,PA22,PA-22,,,, ÉTATS-UNIS
PIPER,PA23,PA-23-150,,,, ÉTATS-UNIS
PIPER,PA23,PA-23-160,,,, ÉTATS-UNIS
PIPER,PA27,PA-23-235,,,, ÉTATS-UNIS
PIPER,PA27,PA-23-250,,,, ÉTATS-UNIS
PIPER,PA27,PA-23-250,,,, ÉTATS-UNIS
PIPER,PA24,PA-24,,,, ÉTATS-UNIS
PIPER,PA25,PA-25,,,, ÉTATS-UNIS
PIPER,P28A,PA-28-140,,,, ÉTATS-UNIS
PIPER,P28A,PA-28-140,,,, ÉTATS-UNIS
PIPER,P28A,PA-28-140,,,, ÉTATS-UNIS
PIPER,P28A,PA-28-140,,,, ÉTATS-UNIS
PIPER,P28A,PA-28-150,,,, ÉTATS-UNIS
PIPER,P28A,PA-28-151,,,, ÉTATS-UNIS
PIPER,P28A,PA-28-160,,,, ÉTATS-UNIS
PIPER,P28A,PA-28-161,,,, ÉTATS-UNIS
PIPER,P28A,PA-28-161,,,, ÉTATS-UNIS
PIPER,P28A,PA-28-161,,,, ÉTATS-UNIS
PIPER,P28A,PA-28-161,,,, ÉTATS-UNIS
PIPER,P28A,PA-28-180,,,, ÉTATS-UNIS
PIPER,P28A,PA-28-180,,,, ÉTATS-UNIS
PIPER,P28A,PA-28-180,,,, ÉTATS-UNIS
PIPER,P28A,PA-28-180TG,,,, ÉTATS-UNIS
PIPER,P28A,PA-28-181,,,, ÉTATS-UNIS
PIPER,P28A,PA-28-181,,,, ÉTATS-UNIS
PIPER,P28A,PA-28-181,,,, ÉTATS-UNIS
PIPER,P28B,PA-28-201T,,,, ÉTATS-UNIS
PIPER,P28B,PA-28-235,,,, ÉTATS-UNIS
PIPER,P28B,PA-28-235,,,, ÉTATS-UNIS
PIPER,P28B,PA-28-235,,,, ÉTATS-UNIS
PIPER,P28B,PA-28-236,,,, ÉTATS-UNIS
PIPER,P28R,PA-28R-180,,,, ÉTATS-UNIS
PIPER,P28R,PA-28R-200,,,, ÉTATS-UNIS
PIPER,P28R,PA-28R-200,,,, ÉTATS-UNIS
PIPER,P28R,PA-28R-201,,,, ÉTATS-UNIS
PIPER,P28R,PA-28R-201,,,, ÉTATS-UNIS
PIPER,PILL,PA-28R-300,,,, ÉTATS-UNIS
PIPER,P28T,PA-28RT-201,,,, ÉTATS-UNIS
PIPER,PA30,PA-30,,,, ÉTATS-UNIS
PIPER,PA30,PA-30,,,, ÉTATS-UNIS
PIPER,PA31,PA-31-300,,,, ÉTATS-UNIS
PIPER,PA31,PA-31-310,,,, ÉTATS-UNIS
PIPER,PA31,PA-31-325,,,, ÉTATS-UNIS
PIPER,PA31,PA-31-350,,,, ÉTATS-UNIS
PIPER,PA31,PA-31-350,,,, ÉTATS-UNIS
PIPER,PA31,PA-31-350,,,, ÉTATS-UNIS
PIPER,PA31,PA-31P-350,,,, ÉTATS-UNIS
PIPER,PA31,PA-31P-425,,,, ÉTATS-UNIS
PIPER,PAY1,PA-31T1-500,,,, ÉTATS-UNIS
PIPER,PAY2,PA-31T2-620,,,, ÉTATS-UNIS
PIPER,PAT4,PA-31T3-500,,,, ÉTATS-UNIS
PIPER,PAY2,PA-31T-620,,,, ÉTATS-UNIS
PIPER,PAY2,PA-31T-620,,,, ÉTATS-UNIS
PIPER,PA32,PA-32 6X,,,, ÉTATS-UNIS
PIPER,PA32,PA-32 6XT,,,, ÉTATS-UNIS
PIPER,PA32,PA-32,,,, ÉTATS-UNIS
PIPER,PA32,PA-32,,,, ÉTATS-UNIS
PIPER,PA32,PA-32,,,, ÉTATS-UNIS
PIPER,PA32,PA-32,,,, ÉTATS-UNIS
PIPER,P32R,PA-32R-300,,,, ÉTATS-UNIS
PIPER,P32R,PA-32R-300,,,, ÉTATS-UNIS
PIPER,P32R,PA-32R-301,,,, ÉTATS-UNIS
PIPER,P32R,PA-32R-301,,,, ÉTATS-UNIS
PIPER,P32R,PA-32R-301T,,,, ÉTATS-UNIS
PIPER,P32R,PA-32R-301T,,,, ÉTATS-UNIS
PIPER,P32T,PA-32RT-300,,,, ÉTATS-UNIS
PIPER,P32T,PA-32RT-300T,,,, ÉTATS-UNIS
PIPER,PA34,PA-34,,,, ÉTATS-UNIS
PIPER,PA36,PA-36,,,, ÉTATS-UNIS
PIPER,PA38,PA-38,,,, ÉTATS-UNIS
PIPER,PA30,PA-39,,,, ÉTATS-UNIS
PIPER,PAY3,PA-42-720,,,, ÉTATS-UNIS
PIPER,PAY4,PA-42-1000,,,, ÉTATS-UNIS
PIPER,PA44,PA-44,,,, ÉTATS-UNIS
PIPER,PA44,PA-44,,,, ÉTATS-UNIS
PIPER,PA46,PA-46-310P,,,, ÉTATS-UNIS
PIPER,PA46,PA-46-350P,,,, ÉTATS-UNIS
PIPER,P46T,PA-46-500TP,,,, ÉTATS-UNIS
PIPER,AEST,PA-60,,,, ÉTATS-UNIS
PIPER,PA20,,,, ÉTATS-UNIS
PIPER,PA25,,,, ÉTATS-UNIS
PIPER,PA36,,,, ÉTATS-UNIS
PIPER,PILL,,,, ÉTATS-UNIS
PIPER,PA31,,,, ÉTATS-UNIS
PIPER,PA32,,,, ÉTATS-UNIS
PIPER,P32R,,,, ÉTATS-UNIS
PIPER,P32R,,,, ÉTATS-UNIS
PIPER,P32R,,,, ÉTATS-UNIS
PIPER,PA44,,,, ÉTATS-UNIS
PIPER,PA34,,,, ÉTATS-UNIS
PIPER,PA32,,,, ÉTATS-UNIS
PIPER,S108,,,, ÉTATS-UNIS
PIPER,PA12,,,, ÉTATS-UNIS
PIPER,PA18,,,, ÉTATS-UNIS
PIPER,PA31,,,, ÉTATS-UNIS
PIPER,PAT4,,,, ÉTATS-UNIS
PIPER,PA38,,,, ÉTATS-UNIS
PIPER,PA22,,,, ÉTATS-UNIS
PIPER,PA27,,,, ÉTATS-UNIS
PIPER,P28B,,,, ÉTATS-UNIS
PIPER,P32T,,,, ÉTATS-UNIS
PIPER,PA32,,,, ÉTATS-UNIS
PIPER,P32R,,,, ÉTATS-UNIS
PIPER,PA44,,,, ÉTATS-UNIS
PIPER,PA30,,,, ÉTATS-UNIS
PIPER,PA30,,,, ÉTATS-UNIS
PIPER,PA30,,,, ÉTATS-UNIS
PIPER,PA18,U-7,,,, ÉTATS-UNIS
PIPER,PA27,U-11,,,, ÉTATS-UNIS
PIPER,PA27,UC-26,,,, ÉTATS-UNIS
PIPER,PA15,,,, ÉTATS-UNIS
PIPER,PA17,,,, ÉTATS-UNIS
PIPER,PA17,,,, ÉTATS-UNIS
PIPER,S108,,,, ÉTATS-UNIS
PIPER,P28A,,,, ÉTATS-UNIS
PIPER,P28A,,,, ÉTATS-UNIS
PIPER,P28S,PA-28R-201T ,,, ÉTATS-UNIS
PIPER,CRUZ,PiperSport,,, ÉTATS-UNIS
PIPER,P28A,PA-28-181 Archer LX,,, ÉTATS-UNIS
PIPER,P28A,Archer LX,,, ÉTATS-UNIS
PIPER,PA46,PA-46-350P M350,,, ÉTATS-UNIS
PIPER,PA46,M350,,, ÉTATS-UNIS
PIPER,P46T,PA-46-500TP Meridian M500,,, ÉTATS-UNIS
PIPER,P46T,Meridian M500,,, ÉTATS-UNIS
PIPER,P46T,M500,,, ÉTATS-UNIS
PIPER,M600,PA-46-600TP M600,,, ÉTATS-UNIS
PIPER,M600,M600,,, ÉTATS-UNIS
PIPER,P28A,PA-28-181,,, ÉTATS-UNIS
PIPER,P28A,PA-28-181,,, ÉTATS-UNIS
PIPER,P28A,PA-28-181,,, ÉTATS-UNIS
PIPER,P28A,,,, ÉTATS-UNIS
PIPER,P28A,,,, ÉTATS-UNIS
PIPER,P28A,,,, ÉTATS-UNIS
PIPER,M700,PA-46-701TP,,, ÉTATS-UNIS
PIPER,M700,,,, ÉTATS-UNIS
PIPER,M700,,,, ÉTATS-UNIS
ROBINSON,R66,R-66,,ÉTATS-UNIS
ROBINSON,R44,,,ÉTATS-UNIS
ROBINSON,R22,,,ÉTATS-UNIS
ROBINSON,R44,,,ÉTATS-UNIS
ROBINSON,R22,,,ÉTATS-UNIS
ROBINSON,R22,R-22,,ÉTATS-UNIS
ROBINSON,R22,R-22,,ÉTATS-UNIS
ROBINSON,R22,R-22,,ÉTATS-UNIS
ROBINSON,R44,R-44,,ÉTATS-UNIS
ROBINSON,R44,R-44,,ÉTATS-UNIS
ROBINSON,R44,R-44,,ÉTATS-UNIS
ROBINSON,R44,,,ÉTATS-UNIS
SAAB,SB29,29,Saab 210,SUÈDE
SAAB,SB32,32,Saab 210,SUÈDE
SAAB,SB35,35,Saab 210,SUÈDE
SAAB,SB37,37,Saab 210,SUÈDE
SAAB,SB39,39,Saab 210,SUÈDE
SAAB,SB91,91,Saab 210,SUÈDE
SAAB,SB05,105,Saab 210,SUÈDE
SAAB,SF34,340,Saab 210,SUÈDE
SAAB,SB20,2000,Saab 210,SUÈDE
SAAB,SB37,AJ37,Saab 210,SUÈDE
SAAB,SB37,AJS37,Saab 210,SUÈDE
SAAB,SF34,,Saab 210,SUÈDE
SAAB,SB35,,Saab 210,SUÈDE
SAAB,SB35,F-35,Saab 210,SUÈDE
SAAB,SB39,,Saab 210,SUÈDE
SAAB,SB29,J29,Saab 210,SUÈDE
SAAB,SB32,J32,Saab 210,SUÈDE
SAAB,SB35,J35,Saab 210,SUÈDE
SAAB,SB37,JA37,Saab 210,SUÈDE
SAAB,SB39,JAS39,Saab 210,SUÈDE
SAAB,SB32,,Saab 210,SUÈDE
SAAB,MF17,MFI-15,Saab 210,SUÈDE
SAAB,MF17,MFI-17,Saab 210,SUÈDE
SAAB,SF34,OS100,Saab 210,SUÈDE
SAAB,SB35,RF-35,Saab 210,SUÈDE
SAAB,SF34,S100,Saab 210,SUÈDE
SAAB,MF17,,Saab 210,SUÈDE
SAAB,SB91,,Saab 210,SUÈDE
SAAB,SB37,SF37,Saab 210,SUÈDE
SAAB,SB37,SH37,Saab 210,SUÈDE
SAAB,SB35,Sk35,Saab 210,SUÈDE
SAAB,SB37,Sk37,Saab 210,SUÈDE
SAAB,SB91,Sk50,Saab 210,SUÈDE
SAAB,SB05,Sk60,Saab 210,SUÈDE
SAAB,MF17,,Saab 210,SUÈDE
SAAB,MF17,T-17,Saab 210,SUÈDE
SAAB,SB35,TF-35,Saab 210,SUÈDE
SAAB,SF34,Tp100,Saab 210,SUÈDE
SAAB,SB37,,Saab 210,SUÈDE
GULFSTREAM AEROSPACE,GLF6,Gulfstream G650,Gulfstream X-54,ÉTATS-UNIS
GULFSTREAM AEROSPACE,GLF5,Eitam,Gulfstream X-54,ÉTATS-UNIS
GULFSTREAM AEROSPACE,AC90,690,Gulfstream X-54,ÉTATS-UNIS
GULFSTREAM AEROSPACE,AC90,690,Gulfstream X-54,ÉTATS-UNIS
GULFSTREAM AEROSPACE,AC95,695,Gulfstream X-54,ÉTATS-UNIS
GULFSTREAM AEROSPACE,AC95,695,Gulfstream X-54,ÉTATS-UNIS
GULFSTREAM AEROSPACE,GLF3,C-20A,Gulfstream X-54,ÉTATS-UNIS
GULFSTREAM AEROSPACE,GLF3,C-20B,Gulfstream X-54,ÉTATS-UNIS
GULFSTREAM AEROSPACE,GLF3,C-20C,Gulfstream X-54,ÉTATS-UNIS
GULFSTREAM AEROSPACE,GLF3,C-20D,Gulfstream X-54,ÉTATS-UNIS
GULFSTREAM AEROSPACE,GLF3,C-20E,Gulfstream X-54,ÉTATS-UNIS
GULFSTREAM AEROSPACE,GLF4,C-20F,Gulfstream X-54,ÉTATS-UNIS
GULFSTREAM AEROSPACE,GLF4,C-20G,Gulfstream X-54,ÉTATS-UNIS
GULFSTREAM AEROSPACE,GLF4,C-20H,Gulfstream X-54,ÉTATS-UNIS
GULFSTREAM AEROSPACE,GLF4,G-4,Gulfstream X-54,ÉTATS-UNIS
GULFSTREAM AEROSPACE,GLF4,G-4,Gulfstream X-54,ÉTATS-UNIS
GULFSTREAM AEROSPACE,GLF4,G-4,Gulfstream X-54,ÉTATS-UNIS
GULFSTREAM AEROSPACE,GLF4,G-4,Gulfstream X-54,ÉTATS-UNIS
GULFSTREAM AEROSPACE,GLF4,G-4,Gulfstream X-54,ÉTATS-UNIS
GULFSTREAM AEROSPACE,GLF4,G-4,Gulfstream X-54,ÉTATS-UNIS
GULFSTREAM AEROSPACE,GLF4,G-4X,Gulfstream X-54,ÉTATS-UNIS
GULFSTREAM AEROSPACE,GLF5,G-5,Gulfstream X-54,ÉTATS-UNIS
GULFSTREAM AEROSPACE,GLF5,G-5SP,Gulfstream X-54,ÉTATS-UNIS
GULFSTREAM AEROSPACE,GLF5,G-5SP,Gulfstream X-54,ÉTATS-UNIS
GULFSTREAM AEROSPACE,GLF5,G-5SP,Gulfstream X-54,ÉTATS-UNIS
GULFSTREAM AEROSPACE,GLF3,G-1159A,Gulfstream X-54,ÉTATS-UNIS
GULFSTREAM AEROSPACE,GLF3,G-1159A,Gulfstream X-54,ÉTATS-UNIS
GULFSTREAM AEROSPACE,GLF5,Shavit,Gulfstream X-54,ÉTATS-UNIS
GULFSTREAM AEROSPACE,GLF5,G-5 Shavit,Gulfstream X-54,ÉTATS-UNIS
GULFSTREAM AEROSPACE,GLF3,,Gulfstream X-54,ÉTATS-UNIS
GULFSTREAM AEROSPACE,GLF4,,Gulfstream X-54,ÉTATS-UNIS
GULFSTREAM AEROSPACE,GLF4,,Gulfstream X-54,ÉTATS-UNIS
GULFSTREAM AEROSPACE,GLF5,,Gulfstream X-54,ÉTATS-UNIS
GULFSTREAM AEROSPACE,GLF5,Gulfstream 5SP,Gulfstream X-54,ÉTATS-UNIS
GULFSTREAM AEROSPACE,GLF4,Gulfstream G300,Gulfstream X-54,ÉTATS-UNIS
GULFSTREAM AEROSPACE,GLF4,Gulfstream G350,Gulfstream X-54,ÉTATS-UNIS
GULFSTREAM AEROSPACE,GLF4,Gulfstream G450,Gulfstream X-54,ÉTATS-UNIS
GULFSTREAM AEROSPACE,GLF5,Gulfstream G550,Gulfstream X-54,ÉTATS-UNIS
GULFSTREAM AEROSPACE,GLF3,,Gulfstream X-54,ÉTATS-UNIS
GULFSTREAM AEROSPACE,GLF4,,Gulfstream X-54,ÉTATS-UNIS
GULFSTREAM AEROSPACE,AC90,,Gulfstream X-54,ÉTATS-UNIS
GULFSTREAM AEROSPACE,AC90,,Gulfstream X-54,ÉTATS-UNIS
GULFSTREAM AEROSPACE,AC95,,Gulfstream X-54,ÉTATS-UNIS
GULFSTREAM AEROSPACE,AC95,,Gulfstream X-54,ÉTATS-UNIS
GULFSTREAM AEROSPACE,GLF4,S102,Gulfstream X-54,ÉTATS-UNIS
GULFSTREAM AEROSPACE,GLF5,G-5SP Eitam,Gulfstream X-54,ÉTATS-UNIS
GULFSTREAM AEROSPACE,GLF4,Tp102,Gulfstream X-54,ÉTATS-UNIS
GULFSTREAM AEROSPACE,GLF4,U-4,Gulfstream X-54,ÉTATS-UNIS
GULFSTREAM AEROSPACE,ASTR,Gulfstream G100,Gulfstream X-54,ÉTATS-UNIS
GULFSTREAM AEROSPACE,G150,Gulfstream G150,Gulfstream X-54,ÉTATS-UNIS
GULFSTREAM AEROSPACE,GALX,Gulfstream G200,Gulfstream X-54,ÉTATS-UNIS
GULFSTREAM AEROSPACE,G250,Gulfstream G250,Gulfstream X-54,ÉTATS-UNIS
GULFSTREAM AEROSPACE,GLF5,Gulfstream G500 (G-5SP),Gulfstream X-54,ÉTATS-UNIS
GULFSTREAM AEROSPACE,G280,Gulfstream G280,Gulfstream X-54,ÉTATS-UNIS
GULFSTREAM AEROSPACE,GA5C,G-7 Gulfstream G500,Gulfstream X-54,ÉTATS-UNIS
GULFSTREAM AEROSPACE,GA6C,G-7 Gulfstream G600,Gulfstream X-54,ÉTATS-UNIS
GULFSTREAM AEROSPACE,GA5C,Gulfstream G500 (G-7),Gulfstream X-54,ÉTATS-UNIS
GULFSTREAM AEROSPACE,GA6C,Gulfstream G600,Gulfstream X-54,ÉTATS-UNIS
GULFSTREAM AEROSPACE,GA7C,G-8,Gulfstream X-54,ÉTATS-UNIS
GULFSTREAM AEROSPACE,GA7C,,Gulfstream X-54,ÉTATS-UNIS
GULFSTREAM AEROSPACE,GLF6,G-6 Gulfstream G650,Gulfstream X-54,ÉTATS-UNIS
GULFSTREAM AEROSPACE,GA4C,G-7 Gulfstream G400,Gulfstream X-54,ÉTATS-UNIS
GULFSTREAM AEROSPACE,GA8C,G-8 Gulfstream G800,Gulfstream X-54,ÉTATS-UNIS
GULFSTREAM AEROSPACE,GLF4,,Gulfstream X-54,ÉTATS-UNIS
GULFSTREAM AEROSPACE,GA4C,,Gulfstream X-54,ÉTATS-UNIS
GULFSTREAM AEROSPACE,GA8C,,Gulfstream X-54,ÉTATS-UNIS
GULFSTREAM AEROSPACE,GLF5,C-37,Gulfstream X-54,ÉTATS-UNIS
GULFSTREAM AEROSPACE,GLF5,EA-37,Gulfstream X-54,ÉTATS-UNIS
GULFSTREAM AEROSPACE,GLF5,NC-37,Gulfstream X-54,ÉTATS-UNIS
GULFSTREAM AEROSPACE,GLF5,MC-55 Peregrine,Gulfstream X-54,ÉTATS-UNIS
GULFSTREAM AEROSPACE,GLF5,,Gulfstream X-54,ÉTATS-UNIS
GULFSTREAM AEROSPACE,GLF5,E-550,Gulfstream X-54,ÉTATS-UNIS
GULFSTREAM AEROSPACE,GLF5,G-5SP Oron,Gulfstream X-54,ÉTATS-UNIS
GULFSTREAM AEROSPACE,GLF5,,Gulfstream X-54,ÉTATS-UNIS
